text,intent,language,source
show my appointments,VIEW_APPOINTMENTS,en,seed_manual
i want to see my appointments,VIEW_APPOINTMENTS,en,seed_manual
when is my next appointment,VIEW_APPOINTMENTS,en,seed_manual
list my bookings please,VIEW_APPOINTMENTS,en,seed_manual
do i have any appointment today,VIEW_APPOINTMENTS,en,seed_manual
send me my schedule,VIEW_APPOINTMENTS,en,seed_manual
my appointments pls,VIEW_APPOINTMENTS,en,seed_manual
appointment details please,VIEW_APPOINTMENTS,en,seed_manual
what time is my appointment,VIEW_APPOINTMENTS,en,seed_manual
can u check my booking,VIEW_APPOINTMENTS,en,seed_manual
متى موعدي,VIEW_APPOINTMENTS,ar_msa,seed_manual
أريد معرفة مواعيدي,VIEW_APPOINTMENTS,ar_msa,seed_manual
هل لدي موعد اليوم,VIEW_APPOINTMENTS,ar_msa,seed_manual
اعرض مواعيدي القادمة,VIEW_APPOINTMENTS,ar_msa,seed_manual
تفاصيل موعدي من فضلك,VIEW_APPOINTMENTS,ar_msa,seed_manual
ابي اشوف مواعيدي,VIEW_APPOINTMENTS,ar_gulf,seed_manual
وش موعدي,VIEW_APPOINTMENTS,ar_gulf,seed_manual
عندي موعد اليوم؟,VIEW_APPOINTMENTS,ar_gulf,seed_manual
وريني مواعيدي,VIEW_APPOINTMENTS,ar_gulf,seed_manual
متى حجزي؟,VIEW_APPOINTMENTS,ar_gulf,seed_manual
i had pain in my teeth please i want to get an appointment asap,BOOK_APPOINTMENT,en,seed_manual
i need a dentist appointment urgently,BOOK_APPOINTMENT,en,seed_manual
book me for dental cleaning,BOOK_APPOINTMENT,en,seed_manual
i want new appointment tomorrow,BOOK_APPOINTMENT,en,seed_manual
can i get a slot today,BOOK_APPOINTMENT,en,seed_manual
any free slots for tooth pain,BOOK_APPOINTMENT,en,seed_manual
need appointment asap pls,BOOK_APPOINTMENT,en,seed_manual
book consultation with doctor,BOOK_APPOINTMENT,en,seed_manual
my tooth hurts need doctor,BOOK_APPOINTMENT,en,seed_manual
available dentist today?,BOOK_APPOINTMENT,en,seed_manual
أحتاج موعد أسنان اليوم,BOOK_APPOINTMENT,ar_msa,seed_manual
لدي ألم في السن وأريد موعدا,BOOK_APPOINTMENT,ar_msa,seed_manual
أريد حجز موعد قريب,BOOK_APPOINTMENT,ar_msa,seed_manual
هل يوجد موعد متاح غدا؟,BOOK_APPOINTMENT,ar_msa,seed_manual
أحتاج طبيب أسنان عاجلا,BOOK_APPOINTMENT,ar_msa,seed_manual
ابي موعد ضرسي يعورني,BOOK_APPOINTMENT,ar_gulf,seed_manual
عندي الم في الاسنان ابغى موعد,BOOK_APPOINTMENT,ar_gulf,seed_manual
احجز لي موعد اليوم,BOOK_APPOINTMENT,ar_gulf,seed_manual
فيه موعد قريب؟,BOOK_APPOINTMENT,ar_gulf,seed_manual
ابغى دكتور اسنان ضروري,BOOK_APPOINTMENT,ar_gulf,seed_manual
cancel my appointment,CANCEL_APPOINTMENT,en,seed_manual
i want to cancel,CANCEL_APPOINTMENT,en,seed_manual
please cancel tomorrow appointment,CANCEL_APPOINTMENT,en,seed_manual
i cannot come cancel it,CANCEL_APPOINTMENT,en,seed_manual
remove my booking,CANCEL_APPOINTMENT,en,seed_manual
not coming today cancel,CANCEL_APPOINTMENT,en,seed_manual
cant make it please cancel,CANCEL_APPOINTMENT,en,seed_manual
cancel appt pls,CANCEL_APPOINTMENT,en,seed_manual
i need to cancel my visit,CANCEL_APPOINTMENT,en,seed_manual
delete my appointment,CANCEL_APPOINTMENT,en,seed_manual
أريد إلغاء الموعد,CANCEL_APPOINTMENT,ar_msa,seed_manual
لا أستطيع الحضور ألغ الموعد,CANCEL_APPOINTMENT,ar_msa,seed_manual
الرجاء إلغاء الحجز,CANCEL_APPOINTMENT,ar_msa,seed_manual
لن أحضر الموعد,CANCEL_APPOINTMENT,ar_msa,seed_manual
ألغ موعدي من فضلك,CANCEL_APPOINTMENT,ar_msa,seed_manual
ابي الغي موعدي,CANCEL_APPOINTMENT,ar_gulf,seed_manual
ما اقدر اجي الغي الموعد,CANCEL_APPOINTMENT,ar_gulf,seed_manual
كنسل الموعد,CANCEL_APPOINTMENT,ar_gulf,seed_manual
الغ حجز الاسنان,CANCEL_APPOINTMENT,ar_gulf,seed_manual
ما بقدر احضر اليوم,CANCEL_APPOINTMENT,ar_gulf,seed_manual
reschedule my appointment,RESCHEDULE_APPOINTMENT,en,seed_manual
i want to change the time,RESCHEDULE_APPOINTMENT,en,seed_manual
move my appointment to next week,RESCHEDULE_APPOINTMENT,en,seed_manual
can we make it later,RESCHEDULE_APPOINTMENT,en,seed_manual
another time please,RESCHEDULE_APPOINTMENT,en,seed_manual
i need different day,RESCHEDULE_APPOINTMENT,en,seed_manual
change appt time pls,RESCHEDULE_APPOINTMENT,en,seed_manual
postpone my appointment,RESCHEDULE_APPOINTMENT,en,seed_manual
can i come tomorrow instead,RESCHEDULE_APPOINTMENT,en,seed_manual
switch my slot,RESCHEDULE_APPOINTMENT,en,seed_manual
أريد تغيير الموعد,RESCHEDULE_APPOINTMENT,ar_msa,seed_manual
هل يمكن تأجيل الموعد؟,RESCHEDULE_APPOINTMENT,ar_msa,seed_manual
أحتاج وقتا آخر,RESCHEDULE_APPOINTMENT,ar_msa,seed_manual
انقل الموعد إلى الأسبوع القادم,RESCHEDULE_APPOINTMENT,ar_msa,seed_manual
أريد موعدا في يوم مختلف,RESCHEDULE_APPOINTMENT,ar_msa,seed_manual
ابي اغير الموعد,RESCHEDULE_APPOINTMENT,ar_gulf,seed_manual
ممكن وقت ثاني,RESCHEDULE_APPOINTMENT,ar_gulf,seed_manual
أجل الموعد لو سمحت,RESCHEDULE_APPOINTMENT,ar_gulf,seed_manual
انقل الموعد ليوم ثاني,RESCHEDULE_APPOINTMENT,ar_gulf,seed_manual
خل الموعد بكرة,RESCHEDULE_APPOINTMENT,ar_gulf,seed_manual
yes i confirm,CONFIRM_APPOINTMENT,en,seed_manual
confirm my appointment,CONFIRM_APPOINTMENT,en,seed_manual
i will come,CONFIRM_APPOINTMENT,en,seed_manual
ok confirmed,CONFIRM_APPOINTMENT,en,seed_manual
yes see you,CONFIRM_APPOINTMENT,en,seed_manual
i am coming,CONFIRM_APPOINTMENT,en,seed_manual
sure keep it,CONFIRM_APPOINTMENT,en,seed_manual
sounds good,CONFIRM_APPOINTMENT,en,seed_manual
confirmed thanks,CONFIRM_APPOINTMENT,en,seed_manual
yes keep the booking,CONFIRM_APPOINTMENT,en,seed_manual
نعم أؤكد الموعد,CONFIRM_APPOINTMENT,ar_msa,seed_manual
سأحضر إن شاء الله,CONFIRM_APPOINTMENT,ar_msa,seed_manual
تم تأكيد الموعد,CONFIRM_APPOINTMENT,ar_msa,seed_manual
أوافق على الموعد,CONFIRM_APPOINTMENT,ar_msa,seed_manual
نعم سأكون هناك,CONFIRM_APPOINTMENT,ar_msa,seed_manual
أكيد جاي,CONFIRM_APPOINTMENT,ar_gulf,seed_manual
تمام بحضر,CONFIRM_APPOINTMENT,ar_gulf,seed_manual
ان شاء الله بجي,CONFIRM_APPOINTMENT,ar_gulf,seed_manual
اي اكد الموعد,CONFIRM_APPOINTMENT,ar_gulf,seed_manual
خلاص الموعد مناسب,CONFIRM_APPOINTMENT,ar_gulf,seed_manual
where is your clinic,CLINIC_FAQ,en,seed_manual
clinic location please,CLINIC_FAQ,en,seed_manual
what are your opening hours,CLINIC_FAQ,en,seed_manual
how much dental cleaning cost,CLINIC_FAQ,en,seed_manual
do you accept insurance,CLINIC_FAQ,en,seed_manual
what services do you offer,CLINIC_FAQ,en,seed_manual
is parking available,CLINIC_FAQ,en,seed_manual
clinic phone number,CLINIC_FAQ,en,seed_manual
i want to know about your clinic,CLINIC_FAQ,en,seed_manual
do you do implants,CLINIC_FAQ,en,seed_manual
أين موقع العيادة؟,CLINIC_FAQ,ar_msa,seed_manual
ما أوقات العمل؟,CLINIC_FAQ,ar_msa,seed_manual
كم سعر تنظيف الأسنان؟,CLINIC_FAQ,ar_msa,seed_manual
هل تقبلون التأمين؟,CLINIC_FAQ,ar_msa,seed_manual
ما الخدمات المتوفرة؟,CLINIC_FAQ,ar_msa,seed_manual
وين موقع العيادة,CLINIC_FAQ,ar_gulf,seed_manual
كم سعر التنظيف,CLINIC_FAQ,ar_gulf,seed_manual
تقبلون التأمين؟,CLINIC_FAQ,ar_gulf,seed_manual
متى تفتحون,CLINIC_FAQ,ar_gulf,seed_manual
عندكم مواقف؟,CLINIC_FAQ,ar_gulf,seed_manual
hello,GREETING,en,seed_manual
hi,GREETING,en,seed_manual
hey there,GREETING,en,seed_manual
good morning,GREETING,en,seed_manual
good evening,GREETING,en,seed_manual
salam,GREETING,en,seed_manual
hello doctor,GREETING,en,seed_manual
hi clinic,GREETING,en,seed_manual
مرحبا,GREETING,ar_msa,seed_manual
السلام عليكم,GREETING,ar_msa,seed_manual
أهلا,GREETING,ar_msa,seed_manual
صباح الخير,GREETING,ar_msa,seed_manual
مساء الخير,GREETING,ar_msa,seed_manual
هلا,GREETING,ar_gulf,seed_manual
اهلين,GREETING,ar_gulf,seed_manual
يا هلا,GREETING,ar_gulf,seed_manual
السلام عليكم شلونكم,GREETING,ar_gulf,seed_manual
مرحبا عندكم,GREETING,ar_gulf,seed_manual
thanks,THANKS,en,seed_manual
thank you,THANKS,en,seed_manual
thx,THANKS,en,seed_manual
appreciate it,THANKS,en,seed_manual
ok thanks,THANKS,en,seed_manual
thank u doctor,THANKS,en,seed_manual
many thanks,THANKS,en,seed_manual
شكرا,THANKS,ar_msa,seed_manual
شكرا جزيلا,THANKS,ar_msa,seed_manual
أشكركم,THANKS,ar_msa,seed_manual
جزاكم الله خيرا,THANKS,ar_msa,seed_manual
مشكور,THANKS,ar_gulf,seed_manual
يعطيكم العافية,THANKS,ar_gulf,seed_manual
تسلم,THANKS,ar_gulf,seed_manual
تمام شكرا,THANKS,ar_gulf,seed_manual
ما قصرتوا,THANKS,ar_gulf,seed_manual
what is the weather today,UNKNOWN,en,seed_manual
can you call my friend,UNKNOWN,en,seed_manual
i want coffee,UNKNOWN,en,seed_manual
send me the invoice from another clinic,UNKNOWN,en,seed_manual
random message xyz,UNKNOWN,en,seed_manual
do you sell phones,UNKNOWN,en,seed_manual
where is my car,UNKNOWN,en,seed_manual
play music please,UNKNOWN,en,seed_manual
ما ادري,UNKNOWN,ar_msa,seed_manual
أرسل لي أغنية,UNKNOWN,ar_msa,seed_manual
أريد مطعما قريبا,UNKNOWN,ar_msa,seed_manual
هذا اختبار فقط,UNKNOWN,ar_msa,seed_manual
وين السيارة,UNKNOWN,ar_gulf,seed_manual
ابي مطعم قريب,UNKNOWN,ar_gulf,seed_manual
شغل اغنية,UNKNOWN,ar_gulf,seed_manual
مدري وش اقول,UNKNOWN,ar_gulf,seed_manual
can you show my appointments today,VIEW_APPOINTMENTS,en,template
can you show my appointments today please,VIEW_APPOINTMENTS,en,template
can you show my appointments today pls,VIEW_APPOINTMENTS,en,template
can you show my appointments today ??,VIEW_APPOINTMENTS,en,template
can you show my appointments today asap,VIEW_APPOINTMENTS,en,template
pls can you show my appointments today,VIEW_APPOINTMENTS,en,template
pls can you show my appointments today please,VIEW_APPOINTMENTS,en,template
pls can you show my appointments today pls,VIEW_APPOINTMENTS,en,template
pls can you show my appointments today ??,VIEW_APPOINTMENTS,en,template
pls can you show my appointments today asap,VIEW_APPOINTMENTS,en,template
plz can you show my appointments today,VIEW_APPOINTMENTS,en,template
plz can you show my appointments today please,VIEW_APPOINTMENTS,en,template
plz can you show my appointments today pls,VIEW_APPOINTMENTS,en,template
plz can you show my appointments today ??,VIEW_APPOINTMENTS,en,template
plz can you show my appointments today asap,VIEW_APPOINTMENTS,en,template
hello can you show my appointments today,VIEW_APPOINTMENTS,en,template
hello can you show my appointments today please,VIEW_APPOINTMENTS,en,template
hello can you show my appointments today pls,VIEW_APPOINTMENTS,en,template
hello can you show my appointments today ??,VIEW_APPOINTMENTS,en,template
hello can you show my appointments today asap,VIEW_APPOINTMENTS,en,template
hi can you show my appointments today,VIEW_APPOINTMENTS,en,template
hi can you show my appointments today please,VIEW_APPOINTMENTS,en,template
hi can you show my appointments today pls,VIEW_APPOINTMENTS,en,template
hi can you show my appointments today ??,VIEW_APPOINTMENTS,en,template
hi can you show my appointments today asap,VIEW_APPOINTMENTS,en,template
can you show my appointments tomorrow,VIEW_APPOINTMENTS,en,template
can you show my appointments tomorrow please,VIEW_APPOINTMENTS,en,template
can you show my appointments tomorrow pls,VIEW_APPOINTMENTS,en,template
can you show my appointments tomorrow ??,VIEW_APPOINTMENTS,en,template
can you show my appointments tomorrow asap,VIEW_APPOINTMENTS,en,template
pls can you show my appointments tomorrow,VIEW_APPOINTMENTS,en,template
pls can you show my appointments tomorrow please,VIEW_APPOINTMENTS,en,template
pls can you show my appointments tomorrow pls,VIEW_APPOINTMENTS,en,template
pls can you show my appointments tomorrow ??,VIEW_APPOINTMENTS,en,template
pls can you show my appointments tomorrow asap,VIEW_APPOINTMENTS,en,template
plz can you show my appointments tomorrow,VIEW_APPOINTMENTS,en,template
plz can you show my appointments tomorrow please,VIEW_APPOINTMENTS,en,template
plz can you show my appointments tomorrow pls,VIEW_APPOINTMENTS,en,template
plz can you show my appointments tomorrow ??,VIEW_APPOINTMENTS,en,template
plz can you show my appointments tomorrow asap,VIEW_APPOINTMENTS,en,template
hello can you show my appointments tomorrow,VIEW_APPOINTMENTS,en,template
hello can you show my appointments tomorrow please,VIEW_APPOINTMENTS,en,template
hello can you show my appointments tomorrow pls,VIEW_APPOINTMENTS,en,template
hello can you show my appointments tomorrow ??,VIEW_APPOINTMENTS,en,template
hello can you show my appointments tomorrow asap,VIEW_APPOINTMENTS,en,template
hi can you show my appointments tomorrow,VIEW_APPOINTMENTS,en,template
hi can you show my appointments tomorrow please,VIEW_APPOINTMENTS,en,template
hi can you show my appointments tomorrow pls,VIEW_APPOINTMENTS,en,template
hi can you show my appointments tomorrow ??,VIEW_APPOINTMENTS,en,template
hi can you show my appointments tomorrow asap,VIEW_APPOINTMENTS,en,template
can you show my appointments asap,VIEW_APPOINTMENTS,en,template
can you show my appointments asap please,VIEW_APPOINTMENTS,en,template
can you show my appointments asap pls,VIEW_APPOINTMENTS,en,template
can you show my appointments asap ??,VIEW_APPOINTMENTS,en,template
can you show my appointments asap asap,VIEW_APPOINTMENTS,en,template
pls can you show my appointments asap,VIEW_APPOINTMENTS,en,template
pls can you show my appointments asap please,VIEW_APPOINTMENTS,en,template
pls can you show my appointments asap pls,VIEW_APPOINTMENTS,en,template
pls can you show my appointments asap ??,VIEW_APPOINTMENTS,en,template
pls can you show my appointments asap asap,VIEW_APPOINTMENTS,en,template
plz can you show my appointments asap,VIEW_APPOINTMENTS,en,template
plz can you show my appointments asap please,VIEW_APPOINTMENTS,en,template
plz can you show my appointments asap pls,VIEW_APPOINTMENTS,en,template
plz can you show my appointments asap ??,VIEW_APPOINTMENTS,en,template
plz can you show my appointments asap asap,VIEW_APPOINTMENTS,en,template
hello can you show my appointments asap,VIEW_APPOINTMENTS,en,template
hello can you show my appointments asap please,VIEW_APPOINTMENTS,en,template
hello can you show my appointments asap pls,VIEW_APPOINTMENTS,en,template
hello can you show my appointments asap ??,VIEW_APPOINTMENTS,en,template
hello can you show my appointments asap asap,VIEW_APPOINTMENTS,en,template
hi can you show my appointments asap,VIEW_APPOINTMENTS,en,template
hi can you show my appointments asap please,VIEW_APPOINTMENTS,en,template
hi can you show my appointments asap pls,VIEW_APPOINTMENTS,en,template
hi can you show my appointments asap ??,VIEW_APPOINTMENTS,en,template
hi can you show my appointments asap asap,VIEW_APPOINTMENTS,en,template
can you show my appointments this week,VIEW_APPOINTMENTS,en,template
can you show my appointments this week please,VIEW_APPOINTMENTS,en,template
can you show my appointments this week pls,VIEW_APPOINTMENTS,en,template
can you show my appointments this week ??,VIEW_APPOINTMENTS,en,template
can you show my appointments this week asap,VIEW_APPOINTMENTS,en,template
pls can you show my appointments this week,VIEW_APPOINTMENTS,en,template
pls can you show my appointments this week please,VIEW_APPOINTMENTS,en,template
pls can you show my appointments this week pls,VIEW_APPOINTMENTS,en,template
pls can you show my appointments this week ??,VIEW_APPOINTMENTS,en,template
pls can you show my appointments this week asap,VIEW_APPOINTMENTS,en,template
plz can you show my appointments this week,VIEW_APPOINTMENTS,en,template
plz can you show my appointments this week please,VIEW_APPOINTMENTS,en,template
plz can you show my appointments this week pls,VIEW_APPOINTMENTS,en,template
plz can you show my appointments this week ??,VIEW_APPOINTMENTS,en,template
plz can you show my appointments this week asap,VIEW_APPOINTMENTS,en,template
hello can you show my appointments this week,VIEW_APPOINTMENTS,en,template
hello can you show my appointments this week please,VIEW_APPOINTMENTS,en,template
hello can you show my appointments this week pls,VIEW_APPOINTMENTS,en,template
hello can you show my appointments this week ??,VIEW_APPOINTMENTS,en,template
hello can you show my appointments this week asap,VIEW_APPOINTMENTS,en,template
hi can you show my appointments this week,VIEW_APPOINTMENTS,en,template
hi can you show my appointments this week please,VIEW_APPOINTMENTS,en,template
hi can you show my appointments this week pls,VIEW_APPOINTMENTS,en,template
hi can you show my appointments this week ??,VIEW_APPOINTMENTS,en,template
hi can you show my appointments this week asap,VIEW_APPOINTMENTS,en,template
can you show my appointments after 5pm,VIEW_APPOINTMENTS,en,template
can you show my appointments after 5pm please,VIEW_APPOINTMENTS,en,template
can you show my appointments after 5pm pls,VIEW_APPOINTMENTS,en,template
can you show my appointments after 5pm ??,VIEW_APPOINTMENTS,en,template
can you show my appointments after 5pm asap,VIEW_APPOINTMENTS,en,template
pls can you show my appointments after 5pm,VIEW_APPOINTMENTS,en,template
pls can you show my appointments after 5pm please,VIEW_APPOINTMENTS,en,template
pls can you show my appointments after 5pm pls,VIEW_APPOINTMENTS,en,template
pls can you show my appointments after 5pm ??,VIEW_APPOINTMENTS,en,template
pls can you show my appointments after 5pm asap,VIEW_APPOINTMENTS,en,template
plz can you show my appointments after 5pm,VIEW_APPOINTMENTS,en,template
plz can you show my appointments after 5pm please,VIEW_APPOINTMENTS,en,template
plz can you show my appointments after 5pm pls,VIEW_APPOINTMENTS,en,template
plz can you show my appointments after 5pm ??,VIEW_APPOINTMENTS,en,template
plz can you show my appointments after 5pm asap,VIEW_APPOINTMENTS,en,template
hello can you show my appointments after 5pm,VIEW_APPOINTMENTS,en,template
hello can you show my appointments after 5pm please,VIEW_APPOINTMENTS,en,template
hello can you show my appointments after 5pm pls,VIEW_APPOINTMENTS,en,template
hello can you show my appointments after 5pm ??,VIEW_APPOINTMENTS,en,template
hello can you show my appointments after 5pm asap,VIEW_APPOINTMENTS,en,template
hi can you show my appointments after 5pm,VIEW_APPOINTMENTS,en,template
hi can you show my appointments after 5pm please,VIEW_APPOINTMENTS,en,template
hi can you show my appointments after 5pm pls,VIEW_APPOINTMENTS,en,template
hi can you show my appointments after 5pm ??,VIEW_APPOINTMENTS,en,template
hi can you show my appointments after 5pm asap,VIEW_APPOINTMENTS,en,template
can you show my appointments morning,VIEW_APPOINTMENTS,en,template
can you show my appointments morning please,VIEW_APPOINTMENTS,en,template
can you show my appointments morning pls,VIEW_APPOINTMENTS,en,template
can you show my appointments morning ??,VIEW_APPOINTMENTS,en,template
can you show my appointments morning asap,VIEW_APPOINTMENTS,en,template
pls can you show my appointments morning,VIEW_APPOINTMENTS,en,template
pls can you show my appointments morning please,VIEW_APPOINTMENTS,en,template
pls can you show my appointments morning pls,VIEW_APPOINTMENTS,en,template
pls can you show my appointments morning ??,VIEW_APPOINTMENTS,en,template
pls can you show my appointments morning asap,VIEW_APPOINTMENTS,en,template
plz can you show my appointments morning,VIEW_APPOINTMENTS,en,template
plz can you show my appointments morning please,VIEW_APPOINTMENTS,en,template
plz can you show my appointments morning pls,VIEW_APPOINTMENTS,en,template
plz can you show my appointments morning ??,VIEW_APPOINTMENTS,en,template
plz can you show my appointments morning asap,VIEW_APPOINTMENTS,en,template
hello can you show my appointments morning,VIEW_APPOINTMENTS,en,template
hello can you show my appointments morning please,VIEW_APPOINTMENTS,en,template
hello can you show my appointments morning pls,VIEW_APPOINTMENTS,en,template
hello can you show my appointments morning ??,VIEW_APPOINTMENTS,en,template
hello can you show my appointments morning asap,VIEW_APPOINTMENTS,en,template
hi can you show my appointments morning,VIEW_APPOINTMENTS,en,template
hi can you show my appointments morning please,VIEW_APPOINTMENTS,en,template
hi can you show my appointments morning pls,VIEW_APPOINTMENTS,en,template
hi can you show my appointments morning ??,VIEW_APPOINTMENTS,en,template
hi can you show my appointments morning asap,VIEW_APPOINTMENTS,en,template
i want to see my appointments please,VIEW_APPOINTMENTS,en,template
i want to see my appointments pls,VIEW_APPOINTMENTS,en,template
i want to see my appointments ??,VIEW_APPOINTMENTS,en,template
i want to see my appointments asap,VIEW_APPOINTMENTS,en,template
pls i want to see my appointments,VIEW_APPOINTMENTS,en,template
pls i want to see my appointments please,VIEW_APPOINTMENTS,en,template
pls i want to see my appointments pls,VIEW_APPOINTMENTS,en,template
pls i want to see my appointments ??,VIEW_APPOINTMENTS,en,template
pls i want to see my appointments asap,VIEW_APPOINTMENTS,en,template
plz i want to see my appointments,VIEW_APPOINTMENTS,en,template
plz i want to see my appointments please,VIEW_APPOINTMENTS,en,template
plz i want to see my appointments pls,VIEW_APPOINTMENTS,en,template
plz i want to see my appointments ??,VIEW_APPOINTMENTS,en,template
plz i want to see my appointments asap,VIEW_APPOINTMENTS,en,template
hello i want to see my appointments,VIEW_APPOINTMENTS,en,template
hello i want to see my appointments please,VIEW_APPOINTMENTS,en,template
hello i want to see my appointments pls,VIEW_APPOINTMENTS,en,template
hello i want to see my appointments ??,VIEW_APPOINTMENTS,en,template
hello i want to see my appointments asap,VIEW_APPOINTMENTS,en,template
hi i want to see my appointments,VIEW_APPOINTMENTS,en,template
hi i want to see my appointments please,VIEW_APPOINTMENTS,en,template
hi i want to see my appointments pls,VIEW_APPOINTMENTS,en,template
hi i want to see my appointments ??,VIEW_APPOINTMENTS,en,template
hi i want to see my appointments asap,VIEW_APPOINTMENTS,en,template
show me my upcoming appointments,VIEW_APPOINTMENTS,en,template
show me my upcoming appointments please,VIEW_APPOINTMENTS,en,template
show me my upcoming appointments pls,VIEW_APPOINTMENTS,en,template
show me my upcoming appointments ??,VIEW_APPOINTMENTS,en,template
show me my upcoming appointments asap,VIEW_APPOINTMENTS,en,template
pls show me my upcoming appointments,VIEW_APPOINTMENTS,en,template
pls show me my upcoming appointments please,VIEW_APPOINTMENTS,en,template
pls show me my upcoming appointments pls,VIEW_APPOINTMENTS,en,template
pls show me my upcoming appointments ??,VIEW_APPOINTMENTS,en,template
pls show me my upcoming appointments asap,VIEW_APPOINTMENTS,en,template
plz show me my upcoming appointments,VIEW_APPOINTMENTS,en,template
plz show me my upcoming appointments please,VIEW_APPOINTMENTS,en,template
plz show me my upcoming appointments pls,VIEW_APPOINTMENTS,en,template
plz show me my upcoming appointments ??,VIEW_APPOINTMENTS,en,template
plz show me my upcoming appointments asap,VIEW_APPOINTMENTS,en,template
hello show me my upcoming appointments,VIEW_APPOINTMENTS,en,template
hello show me my upcoming appointments please,VIEW_APPOINTMENTS,en,template
hello show me my upcoming appointments pls,VIEW_APPOINTMENTS,en,template
hello show me my upcoming appointments ??,VIEW_APPOINTMENTS,en,template
hello show me my upcoming appointments asap,VIEW_APPOINTMENTS,en,template
hi show me my upcoming appointments,VIEW_APPOINTMENTS,en,template
hi show me my upcoming appointments please,VIEW_APPOINTMENTS,en,template
hi show me my upcoming appointments pls,VIEW_APPOINTMENTS,en,template
hi show me my upcoming appointments ??,VIEW_APPOINTMENTS,en,template
hi show me my upcoming appointments asap,VIEW_APPOINTMENTS,en,template
what appointments do i have,VIEW_APPOINTMENTS,en,template
what appointments do i have please,VIEW_APPOINTMENTS,en,template
what appointments do i have pls,VIEW_APPOINTMENTS,en,template
what appointments do i have ??,VIEW_APPOINTMENTS,en,template
what appointments do i have asap,VIEW_APPOINTMENTS,en,template
pls what appointments do i have,VIEW_APPOINTMENTS,en,template
pls what appointments do i have please,VIEW_APPOINTMENTS,en,template
pls what appointments do i have pls,VIEW_APPOINTMENTS,en,template
pls what appointments do i have ??,VIEW_APPOINTMENTS,en,template
pls what appointments do i have asap,VIEW_APPOINTMENTS,en,template
plz what appointments do i have,VIEW_APPOINTMENTS,en,template
plz what appointments do i have please,VIEW_APPOINTMENTS,en,template
plz what appointments do i have pls,VIEW_APPOINTMENTS,en,template
plz what appointments do i have ??,VIEW_APPOINTMENTS,en,template
plz what appointments do i have asap,VIEW_APPOINTMENTS,en,template
hello what appointments do i have,VIEW_APPOINTMENTS,en,template
hello what appointments do i have please,VIEW_APPOINTMENTS,en,template
hello what appointments do i have pls,VIEW_APPOINTMENTS,en,template
hello what appointments do i have ??,VIEW_APPOINTMENTS,en,template
hello what appointments do i have asap,VIEW_APPOINTMENTS,en,template
hi what appointments do i have,VIEW_APPOINTMENTS,en,template
hi what appointments do i have please,VIEW_APPOINTMENTS,en,template
hi what appointments do i have pls,VIEW_APPOINTMENTS,en,template
hi what appointments do i have ??,VIEW_APPOINTMENTS,en,template
hi what appointments do i have asap,VIEW_APPOINTMENTS,en,template
check my appointment details,VIEW_APPOINTMENTS,en,template
check my appointment details please,VIEW_APPOINTMENTS,en,template
check my appointment details pls,VIEW_APPOINTMENTS,en,template
check my appointment details ??,VIEW_APPOINTMENTS,en,template
check my appointment details asap,VIEW_APPOINTMENTS,en,template
pls check my appointment details,VIEW_APPOINTMENTS,en,template
pls check my appointment details please,VIEW_APPOINTMENTS,en,template
pls check my appointment details pls,VIEW_APPOINTMENTS,en,template
pls check my appointment details ??,VIEW_APPOINTMENTS,en,template
pls check my appointment details asap,VIEW_APPOINTMENTS,en,template
plz check my appointment details,VIEW_APPOINTMENTS,en,template
plz check my appointment details please,VIEW_APPOINTMENTS,en,template
plz check my appointment details pls,VIEW_APPOINTMENTS,en,template
plz check my appointment details ??,VIEW_APPOINTMENTS,en,template
plz check my appointment details asap,VIEW_APPOINTMENTS,en,template
hello check my appointment details,VIEW_APPOINTMENTS,en,template
hello check my appointment details please,VIEW_APPOINTMENTS,en,template
hello check my appointment details pls,VIEW_APPOINTMENTS,en,template
hello check my appointment details ??,VIEW_APPOINTMENTS,en,template
hello check my appointment details asap,VIEW_APPOINTMENTS,en,template
hi check my appointment details,VIEW_APPOINTMENTS,en,template
hi check my appointment details please,VIEW_APPOINTMENTS,en,template
hi check my appointment details pls,VIEW_APPOINTMENTS,en,template
hi check my appointment details ??,VIEW_APPOINTMENTS,en,template
hi check my appointment details asap,VIEW_APPOINTMENTS,en,template
i need to check my booking,VIEW_APPOINTMENTS,en,template
i need to check my booking please,VIEW_APPOINTMENTS,en,template
i need to check my booking pls,VIEW_APPOINTMENTS,en,template
i need to check my booking ??,VIEW_APPOINTMENTS,en,template
i need to check my booking asap,VIEW_APPOINTMENTS,en,template
pls i need to check my booking,VIEW_APPOINTMENTS,en,template
pls i need to check my booking please,VIEW_APPOINTMENTS,en,template
pls i need to check my booking pls,VIEW_APPOINTMENTS,en,template
pls i need to check my booking ??,VIEW_APPOINTMENTS,en,template
pls i need to check my booking asap,VIEW_APPOINTMENTS,en,template
plz i need to check my booking,VIEW_APPOINTMENTS,en,template
plz i need to check my booking please,VIEW_APPOINTMENTS,en,template
plz i need to check my booking pls,VIEW_APPOINTMENTS,en,template
plz i need to check my booking ??,VIEW_APPOINTMENTS,en,template
plz i need to check my booking asap,VIEW_APPOINTMENTS,en,template
hello i need to check my booking,VIEW_APPOINTMENTS,en,template
hello i need to check my booking please,VIEW_APPOINTMENTS,en,template
hello i need to check my booking pls,VIEW_APPOINTMENTS,en,template
hello i need to check my booking ??,VIEW_APPOINTMENTS,en,template
hello i need to check my booking asap,VIEW_APPOINTMENTS,en,template
hi i need to check my booking,VIEW_APPOINTMENTS,en,template
hi i need to check my booking please,VIEW_APPOINTMENTS,en,template
hi i need to check my booking pls,VIEW_APPOINTMENTS,en,template
hi i need to check my booking ??,VIEW_APPOINTMENTS,en,template
hi i need to check my booking asap,VIEW_APPOINTMENTS,en,template
when is my next clinic visit,VIEW_APPOINTMENTS,en,template
when is my next clinic visit please,VIEW_APPOINTMENTS,en,template
when is my next clinic visit pls,VIEW_APPOINTMENTS,en,template
when is my next clinic visit ??,VIEW_APPOINTMENTS,en,template
when is my next clinic visit asap,VIEW_APPOINTMENTS,en,template
pls when is my next clinic visit,VIEW_APPOINTMENTS,en,template
pls when is my next clinic visit please,VIEW_APPOINTMENTS,en,template
pls when is my next clinic visit pls,VIEW_APPOINTMENTS,en,template
pls when is my next clinic visit ??,VIEW_APPOINTMENTS,en,template
pls when is my next clinic visit asap,VIEW_APPOINTMENTS,en,template
plz when is my next clinic visit,VIEW_APPOINTMENTS,en,template
plz when is my next clinic visit please,VIEW_APPOINTMENTS,en,template
plz when is my next clinic visit pls,VIEW_APPOINTMENTS,en,template
plz when is my next clinic visit ??,VIEW_APPOINTMENTS,en,template
plz when is my next clinic visit asap,VIEW_APPOINTMENTS,en,template
hello when is my next clinic visit,VIEW_APPOINTMENTS,en,template
hello when is my next clinic visit please,VIEW_APPOINTMENTS,en,template
hello when is my next clinic visit pls,VIEW_APPOINTMENTS,en,template
hello when is my next clinic visit ??,VIEW_APPOINTMENTS,en,template
hello when is my next clinic visit asap,VIEW_APPOINTMENTS,en,template
hi when is my next clinic visit,VIEW_APPOINTMENTS,en,template
hi when is my next clinic visit please,VIEW_APPOINTMENTS,en,template
hi when is my next clinic visit pls,VIEW_APPOINTMENTS,en,template
hi when is my next clinic visit ??,VIEW_APPOINTMENTS,en,template
hi when is my next clinic visit asap,VIEW_APPOINTMENTS,en,template
send my appointment time,VIEW_APPOINTMENTS,en,template
send my appointment time please,VIEW_APPOINTMENTS,en,template
send my appointment time pls,VIEW_APPOINTMENTS,en,template
send my appointment time ??,VIEW_APPOINTMENTS,en,template
send my appointment time asap,VIEW_APPOINTMENTS,en,template
pls send my appointment time,VIEW_APPOINTMENTS,en,template
pls send my appointment time please,VIEW_APPOINTMENTS,en,template
pls send my appointment time pls,VIEW_APPOINTMENTS,en,template
pls send my appointment time ??,VIEW_APPOINTMENTS,en,template
pls send my appointment time asap,VIEW_APPOINTMENTS,en,template
plz send my appointment time,VIEW_APPOINTMENTS,en,template
plz send my appointment time please,VIEW_APPOINTMENTS,en,template
plz send my appointment time pls,VIEW_APPOINTMENTS,en,template
plz send my appointment time ??,VIEW_APPOINTMENTS,en,template
plz send my appointment time asap,VIEW_APPOINTMENTS,en,template
hello send my appointment time,VIEW_APPOINTMENTS,en,template
hello send my appointment time please,VIEW_APPOINTMENTS,en,template
hello send my appointment time pls,VIEW_APPOINTMENTS,en,template
hello send my appointment time ??,VIEW_APPOINTMENTS,en,template
hello send my appointment time asap,VIEW_APPOINTMENTS,en,template
hi send my appointment time,VIEW_APPOINTMENTS,en,template
hi send my appointment time please,VIEW_APPOINTMENTS,en,template
hi send my appointment time pls,VIEW_APPOINTMENTS,en,template
hi send my appointment time ??,VIEW_APPOINTMENTS,en,template
hi send my appointment time asap,VIEW_APPOINTMENTS,en,template
أريد معرفة موعدي,VIEW_APPOINTMENTS,ar_msa,template
أريد معرفة موعدي please,VIEW_APPOINTMENTS,ar_msa,template
أريد معرفة موعدي pls,VIEW_APPOINTMENTS,ar_msa,template
أريد معرفة موعدي ??,VIEW_APPOINTMENTS,ar_msa,template
أريد معرفة موعدي asap,VIEW_APPOINTMENTS,ar_msa,template
pls أريد معرفة موعدي,VIEW_APPOINTMENTS,ar_msa,template
pls أريد معرفة موعدي please,VIEW_APPOINTMENTS,ar_msa,template
pls أريد معرفة موعدي pls,VIEW_APPOINTMENTS,ar_msa,template
pls أريد معرفة موعدي ??,VIEW_APPOINTMENTS,ar_msa,template
pls أريد معرفة موعدي asap,VIEW_APPOINTMENTS,ar_msa,template
plz أريد معرفة موعدي,VIEW_APPOINTMENTS,ar_msa,template
plz أريد معرفة موعدي please,VIEW_APPOINTMENTS,ar_msa,template
plz أريد معرفة موعدي pls,VIEW_APPOINTMENTS,ar_msa,template
plz أريد معرفة موعدي ??,VIEW_APPOINTMENTS,ar_msa,template
plz أريد معرفة موعدي asap,VIEW_APPOINTMENTS,ar_msa,template
hello أريد معرفة موعدي,VIEW_APPOINTMENTS,ar_msa,template
hello أريد معرفة موعدي please,VIEW_APPOINTMENTS,ar_msa,template
hello أريد معرفة موعدي pls,VIEW_APPOINTMENTS,ar_msa,template
hello أريد معرفة موعدي ??,VIEW_APPOINTMENTS,ar_msa,template
hello أريد معرفة موعدي asap,VIEW_APPOINTMENTS,ar_msa,template
hi أريد معرفة موعدي,VIEW_APPOINTMENTS,ar_msa,template
hi أريد معرفة موعدي please,VIEW_APPOINTMENTS,ar_msa,template
hi أريد معرفة موعدي pls,VIEW_APPOINTMENTS,ar_msa,template
hi أريد معرفة موعدي ??,VIEW_APPOINTMENTS,ar_msa,template
hi أريد معرفة موعدي asap,VIEW_APPOINTMENTS,ar_msa,template
هل لدي موعد اليوم please,VIEW_APPOINTMENTS,ar_msa,template
هل لدي موعد اليوم pls,VIEW_APPOINTMENTS,ar_msa,template
هل لدي موعد اليوم ??,VIEW_APPOINTMENTS,ar_msa,template
هل لدي موعد اليوم asap,VIEW_APPOINTMENTS,ar_msa,template
pls هل لدي موعد اليوم,VIEW_APPOINTMENTS,ar_msa,template
pls هل لدي موعد اليوم please,VIEW_APPOINTMENTS,ar_msa,template
pls هل لدي موعد اليوم pls,VIEW_APPOINTMENTS,ar_msa,template
pls هل لدي موعد اليوم ??,VIEW_APPOINTMENTS,ar_msa,template
pls هل لدي موعد اليوم asap,VIEW_APPOINTMENTS,ar_msa,template
plz هل لدي موعد اليوم,VIEW_APPOINTMENTS,ar_msa,template
plz هل لدي موعد اليوم please,VIEW_APPOINTMENTS,ar_msa,template
plz هل لدي موعد اليوم pls,VIEW_APPOINTMENTS,ar_msa,template
plz هل لدي موعد اليوم ??,VIEW_APPOINTMENTS,ar_msa,template
plz هل لدي موعد اليوم asap,VIEW_APPOINTMENTS,ar_msa,template
hello هل لدي موعد اليوم,VIEW_APPOINTMENTS,ar_msa,template
hello هل لدي موعد اليوم please,VIEW_APPOINTMENTS,ar_msa,template
hello هل لدي موعد اليوم pls,VIEW_APPOINTMENTS,ar_msa,template
hello هل لدي موعد اليوم ??,VIEW_APPOINTMENTS,ar_msa,template
hello هل لدي موعد اليوم asap,VIEW_APPOINTMENTS,ar_msa,template
hi هل لدي موعد اليوم,VIEW_APPOINTMENTS,ar_msa,template
hi هل لدي موعد اليوم please,VIEW_APPOINTMENTS,ar_msa,template
hi هل لدي موعد اليوم pls,VIEW_APPOINTMENTS,ar_msa,template
hi هل لدي موعد اليوم ??,VIEW_APPOINTMENTS,ar_msa,template
hi هل لدي موعد اليوم asap,VIEW_APPOINTMENTS,ar_msa,template
هل لدي موعد بكرة,VIEW_APPOINTMENTS,ar_msa,template
هل لدي موعد بكرة please,VIEW_APPOINTMENTS,ar_msa,template
هل لدي موعد بكرة pls,VIEW_APPOINTMENTS,ar_msa,template
هل لدي موعد بكرة ??,VIEW_APPOINTMENTS,ar_msa,template
هل لدي موعد بكرة asap,VIEW_APPOINTMENTS,ar_msa,template
pls هل لدي موعد بكرة,VIEW_APPOINTMENTS,ar_msa,template
pls هل لدي موعد بكرة please,VIEW_APPOINTMENTS,ar_msa,template
pls هل لدي موعد بكرة pls,VIEW_APPOINTMENTS,ar_msa,template
pls هل لدي موعد بكرة ??,VIEW_APPOINTMENTS,ar_msa,template
pls هل لدي موعد بكرة asap,VIEW_APPOINTMENTS,ar_msa,template
plz هل لدي موعد بكرة,VIEW_APPOINTMENTS,ar_msa,template
plz هل لدي موعد بكرة please,VIEW_APPOINTMENTS,ar_msa,template
plz هل لدي موعد بكرة pls,VIEW_APPOINTMENTS,ar_msa,template
plz هل لدي موعد بكرة ??,VIEW_APPOINTMENTS,ar_msa,template
plz هل لدي موعد بكرة asap,VIEW_APPOINTMENTS,ar_msa,template
hello هل لدي موعد بكرة,VIEW_APPOINTMENTS,ar_msa,template
hello هل لدي موعد بكرة please,VIEW_APPOINTMENTS,ar_msa,template
hello هل لدي موعد بكرة pls,VIEW_APPOINTMENTS,ar_msa,template
hello هل لدي موعد بكرة ??,VIEW_APPOINTMENTS,ar_msa,template
hello هل لدي موعد بكرة asap,VIEW_APPOINTMENTS,ar_msa,template
hi هل لدي موعد بكرة,VIEW_APPOINTMENTS,ar_msa,template
hi هل لدي موعد بكرة please,VIEW_APPOINTMENTS,ar_msa,template
hi هل لدي موعد بكرة pls,VIEW_APPOINTMENTS,ar_msa,template
hi هل لدي موعد بكرة ??,VIEW_APPOINTMENTS,ar_msa,template
hi هل لدي موعد بكرة asap,VIEW_APPOINTMENTS,ar_msa,template
هل لدي موعد في أقرب وقت,VIEW_APPOINTMENTS,ar_msa,template
هل لدي موعد في أقرب وقت please,VIEW_APPOINTMENTS,ar_msa,template
هل لدي موعد في أقرب وقت pls,VIEW_APPOINTMENTS,ar_msa,template
هل لدي موعد في أقرب وقت ??,VIEW_APPOINTMENTS,ar_msa,template
هل لدي موعد في أقرب وقت asap,VIEW_APPOINTMENTS,ar_msa,template
pls هل لدي موعد في أقرب وقت,VIEW_APPOINTMENTS,ar_msa,template
pls هل لدي موعد في أقرب وقت please,VIEW_APPOINTMENTS,ar_msa,template
pls هل لدي موعد في أقرب وقت pls,VIEW_APPOINTMENTS,ar_msa,template
pls هل لدي موعد في أقرب وقت ??,VIEW_APPOINTMENTS,ar_msa,template
pls هل لدي موعد في أقرب وقت asap,VIEW_APPOINTMENTS,ar_msa,template
plz هل لدي موعد في أقرب وقت,VIEW_APPOINTMENTS,ar_msa,template
plz هل لدي موعد في أقرب وقت please,VIEW_APPOINTMENTS,ar_msa,template
plz هل لدي موعد في أقرب وقت pls,VIEW_APPOINTMENTS,ar_msa,template
plz هل لدي موعد في أقرب وقت ??,VIEW_APPOINTMENTS,ar_msa,template
plz هل لدي موعد في أقرب وقت asap,VIEW_APPOINTMENTS,ar_msa,template
hello هل لدي موعد في أقرب وقت,VIEW_APPOINTMENTS,ar_msa,template
hello هل لدي موعد في أقرب وقت please,VIEW_APPOINTMENTS,ar_msa,template
hello هل لدي موعد في أقرب وقت pls,VIEW_APPOINTMENTS,ar_msa,template
hello هل لدي موعد في أقرب وقت ??,VIEW_APPOINTMENTS,ar_msa,template
hello هل لدي موعد في أقرب وقت asap,VIEW_APPOINTMENTS,ar_msa,template
hi هل لدي موعد في أقرب وقت,VIEW_APPOINTMENTS,ar_msa,template
hi هل لدي موعد في أقرب وقت please,VIEW_APPOINTMENTS,ar_msa,template
hi هل لدي موعد في أقرب وقت pls,VIEW_APPOINTMENTS,ar_msa,template
hi هل لدي موعد في أقرب وقت ??,VIEW_APPOINTMENTS,ar_msa,template
hi هل لدي موعد في أقرب وقت asap,VIEW_APPOINTMENTS,ar_msa,template
هل لدي موعد هذا الأسبوع,VIEW_APPOINTMENTS,ar_msa,template
هل لدي موعد هذا الأسبوع please,VIEW_APPOINTMENTS,ar_msa,template
هل لدي موعد هذا الأسبوع pls,VIEW_APPOINTMENTS,ar_msa,template
هل لدي موعد هذا الأسبوع ??,VIEW_APPOINTMENTS,ar_msa,template
هل لدي موعد هذا الأسبوع asap,VIEW_APPOINTMENTS,ar_msa,template
pls هل لدي موعد هذا الأسبوع,VIEW_APPOINTMENTS,ar_msa,template
pls هل لدي موعد هذا الأسبوع please,VIEW_APPOINTMENTS,ar_msa,template
pls هل لدي موعد هذا الأسبوع pls,VIEW_APPOINTMENTS,ar_msa,template
pls هل لدي موعد هذا الأسبوع ??,VIEW_APPOINTMENTS,ar_msa,template
pls هل لدي موعد هذا الأسبوع asap,VIEW_APPOINTMENTS,ar_msa,template
plz هل لدي موعد هذا الأسبوع,VIEW_APPOINTMENTS,ar_msa,template
plz هل لدي موعد هذا الأسبوع please,VIEW_APPOINTMENTS,ar_msa,template
plz هل لدي موعد هذا الأسبوع pls,VIEW_APPOINTMENTS,ar_msa,template
plz هل لدي موعد هذا الأسبوع ??,VIEW_APPOINTMENTS,ar_msa,template
plz هل لدي موعد هذا الأسبوع asap,VIEW_APPOINTMENTS,ar_msa,template
hello هل لدي موعد هذا الأسبوع,VIEW_APPOINTMENTS,ar_msa,template
hello هل لدي موعد هذا الأسبوع please,VIEW_APPOINTMENTS,ar_msa,template
hello هل لدي موعد هذا الأسبوع pls,VIEW_APPOINTMENTS,ar_msa,template
hello هل لدي موعد هذا الأسبوع ??,VIEW_APPOINTMENTS,ar_msa,template
hello هل لدي موعد هذا الأسبوع asap,VIEW_APPOINTMENTS,ar_msa,template
hi هل لدي موعد هذا الأسبوع,VIEW_APPOINTMENTS,ar_msa,template
hi هل لدي موعد هذا الأسبوع please,VIEW_APPOINTMENTS,ar_msa,template
hi هل لدي موعد هذا الأسبوع pls,VIEW_APPOINTMENTS,ar_msa,template
hi هل لدي موعد هذا الأسبوع ??,VIEW_APPOINTMENTS,ar_msa,template
hi هل لدي موعد هذا الأسبوع asap,VIEW_APPOINTMENTS,ar_msa,template
هل لدي موعد بعد العصر,VIEW_APPOINTMENTS,ar_msa,template
هل لدي موعد بعد العصر please,VIEW_APPOINTMENTS,ar_msa,template
هل لدي موعد بعد العصر pls,VIEW_APPOINTMENTS,ar_msa,template
هل لدي موعد بعد العصر ??,VIEW_APPOINTMENTS,ar_msa,template
هل لدي موعد بعد العصر asap,VIEW_APPOINTMENTS,ar_msa,template
pls هل لدي موعد بعد العصر,VIEW_APPOINTMENTS,ar_msa,template
pls هل لدي موعد بعد العصر please,VIEW_APPOINTMENTS,ar_msa,template
pls هل لدي موعد بعد العصر pls,VIEW_APPOINTMENTS,ar_msa,template
pls هل لدي موعد بعد العصر ??,VIEW_APPOINTMENTS,ar_msa,template
pls هل لدي موعد بعد العصر asap,VIEW_APPOINTMENTS,ar_msa,template
plz هل لدي موعد بعد العصر,VIEW_APPOINTMENTS,ar_msa,template
plz هل لدي موعد بعد العصر please,VIEW_APPOINTMENTS,ar_msa,template
plz هل لدي موعد بعد العصر pls,VIEW_APPOINTMENTS,ar_msa,template
plz هل لدي موعد بعد العصر ??,VIEW_APPOINTMENTS,ar_msa,template
plz هل لدي موعد بعد العصر asap,VIEW_APPOINTMENTS,ar_msa,template
hello هل لدي موعد بعد العصر,VIEW_APPOINTMENTS,ar_msa,template
hello هل لدي موعد بعد العصر please,VIEW_APPOINTMENTS,ar_msa,template
hello هل لدي موعد بعد العصر pls,VIEW_APPOINTMENTS,ar_msa,template
hello هل لدي موعد بعد العصر ??,VIEW_APPOINTMENTS,ar_msa,template
hello هل لدي موعد بعد العصر asap,VIEW_APPOINTMENTS,ar_msa,template
hi هل لدي موعد بعد العصر,VIEW_APPOINTMENTS,ar_msa,template
hi هل لدي موعد بعد العصر please,VIEW_APPOINTMENTS,ar_msa,template
hi هل لدي موعد بعد العصر pls,VIEW_APPOINTMENTS,ar_msa,template
hi هل لدي موعد بعد العصر ??,VIEW_APPOINTMENTS,ar_msa,template
hi هل لدي موعد بعد العصر asap,VIEW_APPOINTMENTS,ar_msa,template
هل لدي موعد الصباح,VIEW_APPOINTMENTS,ar_msa,template
هل لدي موعد الصباح please,VIEW_APPOINTMENTS,ar_msa,template
هل لدي موعد الصباح pls,VIEW_APPOINTMENTS,ar_msa,template
هل لدي موعد الصباح ??,VIEW_APPOINTMENTS,ar_msa,template
هل لدي موعد الصباح asap,VIEW_APPOINTMENTS,ar_msa,template
pls هل لدي موعد الصباح,VIEW_APPOINTMENTS,ar_msa,template
pls هل لدي موعد الصباح please,VIEW_APPOINTMENTS,ar_msa,template
pls هل لدي موعد الصباح pls,VIEW_APPOINTMENTS,ar_msa,template
pls هل لدي موعد الصباح ??,VIEW_APPOINTMENTS,ar_msa,template
pls هل لدي موعد الصباح asap,VIEW_APPOINTMENTS,ar_msa,template
plz هل لدي موعد الصباح,VIEW_APPOINTMENTS,ar_msa,template
plz هل لدي موعد الصباح please,VIEW_APPOINTMENTS,ar_msa,template
plz هل لدي موعد الصباح pls,VIEW_APPOINTMENTS,ar_msa,template
plz هل لدي موعد الصباح ??,VIEW_APPOINTMENTS,ar_msa,template
plz هل لدي موعد الصباح asap,VIEW_APPOINTMENTS,ar_msa,template
hello هل لدي موعد الصباح,VIEW_APPOINTMENTS,ar_msa,template
hello هل لدي موعد الصباح please,VIEW_APPOINTMENTS,ar_msa,template
hello هل لدي موعد الصباح pls,VIEW_APPOINTMENTS,ar_msa,template
hello هل لدي موعد الصباح ??,VIEW_APPOINTMENTS,ar_msa,template
hello هل لدي موعد الصباح asap,VIEW_APPOINTMENTS,ar_msa,template
hi هل لدي موعد الصباح,VIEW_APPOINTMENTS,ar_msa,template
hi هل لدي موعد الصباح please,VIEW_APPOINTMENTS,ar_msa,template
hi هل لدي موعد الصباح pls,VIEW_APPOINTMENTS,ar_msa,template
hi هل لدي موعد الصباح ??,VIEW_APPOINTMENTS,ar_msa,template
hi هل لدي موعد الصباح asap,VIEW_APPOINTMENTS,ar_msa,template
اعرض مواعيدي القادمة please,VIEW_APPOINTMENTS,ar_msa,template
اعرض مواعيدي القادمة pls,VIEW_APPOINTMENTS,ar_msa,template
اعرض مواعيدي القادمة ??,VIEW_APPOINTMENTS,ar_msa,template
اعرض مواعيدي القادمة asap,VIEW_APPOINTMENTS,ar_msa,template
pls اعرض مواعيدي القادمة,VIEW_APPOINTMENTS,ar_msa,template
pls اعرض مواعيدي القادمة please,VIEW_APPOINTMENTS,ar_msa,template
pls اعرض مواعيدي القادمة pls,VIEW_APPOINTMENTS,ar_msa,template
pls اعرض مواعيدي القادمة ??,VIEW_APPOINTMENTS,ar_msa,template
pls اعرض مواعيدي القادمة asap,VIEW_APPOINTMENTS,ar_msa,template
plz اعرض مواعيدي القادمة,VIEW_APPOINTMENTS,ar_msa,template
plz اعرض مواعيدي القادمة please,VIEW_APPOINTMENTS,ar_msa,template
plz اعرض مواعيدي القادمة pls,VIEW_APPOINTMENTS,ar_msa,template
plz اعرض مواعيدي القادمة ??,VIEW_APPOINTMENTS,ar_msa,template
plz اعرض مواعيدي القادمة asap,VIEW_APPOINTMENTS,ar_msa,template
hello اعرض مواعيدي القادمة,VIEW_APPOINTMENTS,ar_msa,template
hello اعرض مواعيدي القادمة please,VIEW_APPOINTMENTS,ar_msa,template
hello اعرض مواعيدي القادمة pls,VIEW_APPOINTMENTS,ar_msa,template
hello اعرض مواعيدي القادمة ??,VIEW_APPOINTMENTS,ar_msa,template
hello اعرض مواعيدي القادمة asap,VIEW_APPOINTMENTS,ar_msa,template
hi اعرض مواعيدي القادمة,VIEW_APPOINTMENTS,ar_msa,template
hi اعرض مواعيدي القادمة please,VIEW_APPOINTMENTS,ar_msa,template
hi اعرض مواعيدي القادمة pls,VIEW_APPOINTMENTS,ar_msa,template
hi اعرض مواعيدي القادمة ??,VIEW_APPOINTMENTS,ar_msa,template
hi اعرض مواعيدي القادمة asap,VIEW_APPOINTMENTS,ar_msa,template
ابي اشوف مواعيدي please,VIEW_APPOINTMENTS,ar_gulf,template
ابي اشوف مواعيدي pls,VIEW_APPOINTMENTS,ar_gulf,template
ابي اشوف مواعيدي ??,VIEW_APPOINTMENTS,ar_gulf,template
ابي اشوف مواعيدي asap,VIEW_APPOINTMENTS,ar_gulf,template
pls ابي اشوف مواعيدي,VIEW_APPOINTMENTS,ar_gulf,template
pls ابي اشوف مواعيدي please,VIEW_APPOINTMENTS,ar_gulf,template
pls ابي اشوف مواعيدي pls,VIEW_APPOINTMENTS,ar_gulf,template
pls ابي اشوف مواعيدي ??,VIEW_APPOINTMENTS,ar_gulf,template
pls ابي اشوف مواعيدي asap,VIEW_APPOINTMENTS,ar_gulf,template
plz ابي اشوف مواعيدي,VIEW_APPOINTMENTS,ar_gulf,template
plz ابي اشوف مواعيدي please,VIEW_APPOINTMENTS,ar_gulf,template
plz ابي اشوف مواعيدي pls,VIEW_APPOINTMENTS,ar_gulf,template
plz ابي اشوف مواعيدي ??,VIEW_APPOINTMENTS,ar_gulf,template
plz ابي اشوف مواعيدي asap,VIEW_APPOINTMENTS,ar_gulf,template
hello ابي اشوف مواعيدي,VIEW_APPOINTMENTS,ar_gulf,template
hello ابي اشوف مواعيدي please,VIEW_APPOINTMENTS,ar_gulf,template
hello ابي اشوف مواعيدي pls,VIEW_APPOINTMENTS,ar_gulf,template
hello ابي اشوف مواعيدي ??,VIEW_APPOINTMENTS,ar_gulf,template
hello ابي اشوف مواعيدي asap,VIEW_APPOINTMENTS,ar_gulf,template
hi ابي اشوف مواعيدي,VIEW_APPOINTMENTS,ar_gulf,template
hi ابي اشوف مواعيدي please,VIEW_APPOINTMENTS,ar_gulf,template
hi ابي اشوف مواعيدي pls,VIEW_APPOINTMENTS,ar_gulf,template
hi ابي اشوف مواعيدي ??,VIEW_APPOINTMENTS,ar_gulf,template
hi ابي اشوف مواعيدي asap,VIEW_APPOINTMENTS,ar_gulf,template
وش موعدي اليوم,VIEW_APPOINTMENTS,ar_gulf,template
وش موعدي اليوم please,VIEW_APPOINTMENTS,ar_gulf,template
وش موعدي اليوم pls,VIEW_APPOINTMENTS,ar_gulf,template
وش موعدي اليوم ??,VIEW_APPOINTMENTS,ar_gulf,template
وش موعدي اليوم asap,VIEW_APPOINTMENTS,ar_gulf,template
pls وش موعدي اليوم,VIEW_APPOINTMENTS,ar_gulf,template
pls وش موعدي اليوم please,VIEW_APPOINTMENTS,ar_gulf,template
pls وش موعدي اليوم pls,VIEW_APPOINTMENTS,ar_gulf,template
pls وش موعدي اليوم ??,VIEW_APPOINTMENTS,ar_gulf,template
pls وش موعدي اليوم asap,VIEW_APPOINTMENTS,ar_gulf,template
plz وش موعدي اليوم,VIEW_APPOINTMENTS,ar_gulf,template
plz وش موعدي اليوم please,VIEW_APPOINTMENTS,ar_gulf,template
plz وش موعدي اليوم pls,VIEW_APPOINTMENTS,ar_gulf,template
plz وش موعدي اليوم ??,VIEW_APPOINTMENTS,ar_gulf,template
plz وش موعدي اليوم asap,VIEW_APPOINTMENTS,ar_gulf,template
hello وش موعدي اليوم,VIEW_APPOINTMENTS,ar_gulf,template
hello وش موعدي اليوم please,VIEW_APPOINTMENTS,ar_gulf,template
hello وش موعدي اليوم pls,VIEW_APPOINTMENTS,ar_gulf,template
hello وش موعدي اليوم ??,VIEW_APPOINTMENTS,ar_gulf,template
hello وش موعدي اليوم asap,VIEW_APPOINTMENTS,ar_gulf,template
hi وش موعدي اليوم,VIEW_APPOINTMENTS,ar_gulf,template
hi وش موعدي اليوم please,VIEW_APPOINTMENTS,ar_gulf,template
hi وش موعدي اليوم pls,VIEW_APPOINTMENTS,ar_gulf,template
hi وش موعدي اليوم ??,VIEW_APPOINTMENTS,ar_gulf,template
hi وش موعدي اليوم asap,VIEW_APPOINTMENTS,ar_gulf,template
وش موعدي بكرة,VIEW_APPOINTMENTS,ar_gulf,template
وش موعدي بكرة please,VIEW_APPOINTMENTS,ar_gulf,template
وش موعدي بكرة pls,VIEW_APPOINTMENTS,ar_gulf,template
وش موعدي بكرة ??,VIEW_APPOINTMENTS,ar_gulf,template
وش موعدي بكرة asap,VIEW_APPOINTMENTS,ar_gulf,template
I need a dentist appointment today,BOOK_APPOINTMENT,en,template
I need a dentist appointment today please,BOOK_APPOINTMENT,en,template
I need a dentist appointment today pls,BOOK_APPOINTMENT,en,template
I need a dentist appointment today ??,BOOK_APPOINTMENT,en,template
I need a dentist appointment today asap,BOOK_APPOINTMENT,en,template
pls I need a dentist appointment today,BOOK_APPOINTMENT,en,template
pls I need a dentist appointment today please,BOOK_APPOINTMENT,en,template
pls I need a dentist appointment today pls,BOOK_APPOINTMENT,en,template
pls I need a dentist appointment today ??,BOOK_APPOINTMENT,en,template
pls I need a dentist appointment today asap,BOOK_APPOINTMENT,en,template
plz I need a dentist appointment today,BOOK_APPOINTMENT,en,template
plz I need a dentist appointment today please,BOOK_APPOINTMENT,en,template
plz I need a dentist appointment today pls,BOOK_APPOINTMENT,en,template
plz I need a dentist appointment today ??,BOOK_APPOINTMENT,en,template
plz I need a dentist appointment today asap,BOOK_APPOINTMENT,en,template
hello I need a dentist appointment today,BOOK_APPOINTMENT,en,template
hello I need a dentist appointment today please,BOOK_APPOINTMENT,en,template
hello I need a dentist appointment today pls,BOOK_APPOINTMENT,en,template
hello I need a dentist appointment today ??,BOOK_APPOINTMENT,en,template
hello I need a dentist appointment today asap,BOOK_APPOINTMENT,en,template
hi I need a dentist appointment today,BOOK_APPOINTMENT,en,template
hi I need a dentist appointment today please,BOOK_APPOINTMENT,en,template
hi I need a dentist appointment today pls,BOOK_APPOINTMENT,en,template
hi I need a dentist appointment today ??,BOOK_APPOINTMENT,en,template
hi I need a dentist appointment today asap,BOOK_APPOINTMENT,en,template
I need a dentist appointment tomorrow,BOOK_APPOINTMENT,en,template
I need a dentist appointment tomorrow please,BOOK_APPOINTMENT,en,template
I need a dentist appointment tomorrow pls,BOOK_APPOINTMENT,en,template
I need a dentist appointment tomorrow ??,BOOK_APPOINTMENT,en,template
I need a dentist appointment tomorrow asap,BOOK_APPOINTMENT,en,template
pls I need a dentist appointment tomorrow,BOOK_APPOINTMENT,en,template
pls I need a dentist appointment tomorrow please,BOOK_APPOINTMENT,en,template
pls I need a dentist appointment tomorrow pls,BOOK_APPOINTMENT,en,template
pls I need a dentist appointment tomorrow ??,BOOK_APPOINTMENT,en,template
pls I need a dentist appointment tomorrow asap,BOOK_APPOINTMENT,en,template
plz I need a dentist appointment tomorrow,BOOK_APPOINTMENT,en,template
plz I need a dentist appointment tomorrow please,BOOK_APPOINTMENT,en,template
plz I need a dentist appointment tomorrow pls,BOOK_APPOINTMENT,en,template
plz I need a dentist appointment tomorrow ??,BOOK_APPOINTMENT,en,template
plz I need a dentist appointment tomorrow asap,BOOK_APPOINTMENT,en,template
hello I need a dentist appointment tomorrow,BOOK_APPOINTMENT,en,template
hello I need a dentist appointment tomorrow please,BOOK_APPOINTMENT,en,template
hello I need a dentist appointment tomorrow pls,BOOK_APPOINTMENT,en,template
hello I need a dentist appointment tomorrow ??,BOOK_APPOINTMENT,en,template
hello I need a dentist appointment tomorrow asap,BOOK_APPOINTMENT,en,template
hi I need a dentist appointment tomorrow,BOOK_APPOINTMENT,en,template
hi I need a dentist appointment tomorrow please,BOOK_APPOINTMENT,en,template
hi I need a dentist appointment tomorrow pls,BOOK_APPOINTMENT,en,template
hi I need a dentist appointment tomorrow ??,BOOK_APPOINTMENT,en,template
hi I need a dentist appointment tomorrow asap,BOOK_APPOINTMENT,en,template
I need a dentist appointment asap,BOOK_APPOINTMENT,en,template
I need a dentist appointment asap please,BOOK_APPOINTMENT,en,template
I need a dentist appointment asap pls,BOOK_APPOINTMENT,en,template
I need a dentist appointment asap ??,BOOK_APPOINTMENT,en,template
I need a dentist appointment asap asap,BOOK_APPOINTMENT,en,template
pls I need a dentist appointment asap,BOOK_APPOINTMENT,en,template
pls I need a dentist appointment asap please,BOOK_APPOINTMENT,en,template
pls I need a dentist appointment asap pls,BOOK_APPOINTMENT,en,template
pls I need a dentist appointment asap ??,BOOK_APPOINTMENT,en,template
pls I need a dentist appointment asap asap,BOOK_APPOINTMENT,en,template
plz I need a dentist appointment asap,BOOK_APPOINTMENT,en,template
plz I need a dentist appointment asap please,BOOK_APPOINTMENT,en,template
plz I need a dentist appointment asap pls,BOOK_APPOINTMENT,en,template
plz I need a dentist appointment asap ??,BOOK_APPOINTMENT,en,template
plz I need a dentist appointment asap asap,BOOK_APPOINTMENT,en,template
hello I need a dentist appointment asap,BOOK_APPOINTMENT,en,template
hello I need a dentist appointment asap please,BOOK_APPOINTMENT,en,template
hello I need a dentist appointment asap pls,BOOK_APPOINTMENT,en,template
hello I need a dentist appointment asap ??,BOOK_APPOINTMENT,en,template
hello I need a dentist appointment asap asap,BOOK_APPOINTMENT,en,template
hi I need a dentist appointment asap,BOOK_APPOINTMENT,en,template
hi I need a dentist appointment asap please,BOOK_APPOINTMENT,en,template
hi I need a dentist appointment asap pls,BOOK_APPOINTMENT,en,template
hi I need a dentist appointment asap ??,BOOK_APPOINTMENT,en,template
hi I need a dentist appointment asap asap,BOOK_APPOINTMENT,en,template
I need a dentist appointment this week,BOOK_APPOINTMENT,en,template
I need a dentist appointment this week please,BOOK_APPOINTMENT,en,template
I need a dentist appointment this week pls,BOOK_APPOINTMENT,en,template
I need a dentist appointment this week ??,BOOK_APPOINTMENT,en,template
I need a dentist appointment this week asap,BOOK_APPOINTMENT,en,template
pls I need a dentist appointment this week,BOOK_APPOINTMENT,en,template
pls I need a dentist appointment this week please,BOOK_APPOINTMENT,en,template
pls I need a dentist appointment this week pls,BOOK_APPOINTMENT,en,template
pls I need a dentist appointment this week ??,BOOK_APPOINTMENT,en,template
pls I need a dentist appointment this week asap,BOOK_APPOINTMENT,en,template
plz I need a dentist appointment this week,BOOK_APPOINTMENT,en,template
plz I need a dentist appointment this week please,BOOK_APPOINTMENT,en,template
plz I need a dentist appointment this week pls,BOOK_APPOINTMENT,en,template
plz I need a dentist appointment this week ??,BOOK_APPOINTMENT,en,template
plz I need a dentist appointment this week asap,BOOK_APPOINTMENT,en,template
hello I need a dentist appointment this week,BOOK_APPOINTMENT,en,template
hello I need a dentist appointment this week please,BOOK_APPOINTMENT,en,template
hello I need a dentist appointment this week pls,BOOK_APPOINTMENT,en,template
hello I need a dentist appointment this week ??,BOOK_APPOINTMENT,en,template
hello I need a dentist appointment this week asap,BOOK_APPOINTMENT,en,template
hi I need a dentist appointment this week,BOOK_APPOINTMENT,en,template
hi I need a dentist appointment this week please,BOOK_APPOINTMENT,en,template
hi I need a dentist appointment this week pls,BOOK_APPOINTMENT,en,template
hi I need a dentist appointment this week ??,BOOK_APPOINTMENT,en,template
hi I need a dentist appointment this week asap,BOOK_APPOINTMENT,en,template
I need a dentist appointment after 5pm,BOOK_APPOINTMENT,en,template
I need a dentist appointment after 5pm please,BOOK_APPOINTMENT,en,template
I need a dentist appointment after 5pm pls,BOOK_APPOINTMENT,en,template
I need a dentist appointment after 5pm ??,BOOK_APPOINTMENT,en,template
I need a dentist appointment after 5pm asap,BOOK_APPOINTMENT,en,template
pls I need a dentist appointment after 5pm,BOOK_APPOINTMENT,en,template
pls I need a dentist appointment after 5pm please,BOOK_APPOINTMENT,en,template
pls I need a dentist appointment after 5pm pls,BOOK_APPOINTMENT,en,template
pls I need a dentist appointment after 5pm ??,BOOK_APPOINTMENT,en,template
pls I need a dentist appointment after 5pm asap,BOOK_APPOINTMENT,en,template
plz I need a dentist appointment after 5pm,BOOK_APPOINTMENT,en,template
plz I need a dentist appointment after 5pm please,BOOK_APPOINTMENT,en,template
plz I need a dentist appointment after 5pm pls,BOOK_APPOINTMENT,en,template
plz I need a dentist appointment after 5pm ??,BOOK_APPOINTMENT,en,template
plz I need a dentist appointment after 5pm asap,BOOK_APPOINTMENT,en,template
hello I need a dentist appointment after 5pm,BOOK_APPOINTMENT,en,template
hello I need a dentist appointment after 5pm please,BOOK_APPOINTMENT,en,template
hello I need a dentist appointment after 5pm pls,BOOK_APPOINTMENT,en,template
hello I need a dentist appointment after 5pm ??,BOOK_APPOINTMENT,en,template
hello I need a dentist appointment after 5pm asap,BOOK_APPOINTMENT,en,template
hi I need a dentist appointment after 5pm,BOOK_APPOINTMENT,en,template
hi I need a dentist appointment after 5pm please,BOOK_APPOINTMENT,en,template
hi I need a dentist appointment after 5pm pls,BOOK_APPOINTMENT,en,template
hi I need a dentist appointment after 5pm ??,BOOK_APPOINTMENT,en,template
hi I need a dentist appointment after 5pm asap,BOOK_APPOINTMENT,en,template
I need a dentist appointment morning,BOOK_APPOINTMENT,en,template
I need a dentist appointment morning please,BOOK_APPOINTMENT,en,template
I need a dentist appointment morning pls,BOOK_APPOINTMENT,en,template
I need a dentist appointment morning ??,BOOK_APPOINTMENT,en,template
I need a dentist appointment morning asap,BOOK_APPOINTMENT,en,template
pls I need a dentist appointment morning,BOOK_APPOINTMENT,en,template
pls I need a dentist appointment morning please,BOOK_APPOINTMENT,en,template
pls I need a dentist appointment morning pls,BOOK_APPOINTMENT,en,template
pls I need a dentist appointment morning ??,BOOK_APPOINTMENT,en,template
pls I need a dentist appointment morning asap,BOOK_APPOINTMENT,en,template
plz I need a dentist appointment morning,BOOK_APPOINTMENT,en,template
plz I need a dentist appointment morning please,BOOK_APPOINTMENT,en,template
plz I need a dentist appointment morning pls,BOOK_APPOINTMENT,en,template
plz I need a dentist appointment morning ??,BOOK_APPOINTMENT,en,template
plz I need a dentist appointment morning asap,BOOK_APPOINTMENT,en,template
hello I need a dentist appointment morning,BOOK_APPOINTMENT,en,template
hello I need a dentist appointment morning please,BOOK_APPOINTMENT,en,template
hello I need a dentist appointment morning pls,BOOK_APPOINTMENT,en,template
hello I need a dentist appointment morning ??,BOOK_APPOINTMENT,en,template
hello I need a dentist appointment morning asap,BOOK_APPOINTMENT,en,template
hi I need a dentist appointment morning,BOOK_APPOINTMENT,en,template
hi I need a dentist appointment morning please,BOOK_APPOINTMENT,en,template
hi I need a dentist appointment morning pls,BOOK_APPOINTMENT,en,template
hi I need a dentist appointment morning ??,BOOK_APPOINTMENT,en,template
hi I need a dentist appointment morning asap,BOOK_APPOINTMENT,en,template
I need a dental appointment today,BOOK_APPOINTMENT,en,template
I need a dental appointment today please,BOOK_APPOINTMENT,en,template
I need a dental appointment today pls,BOOK_APPOINTMENT,en,template
I need a dental appointment today ??,BOOK_APPOINTMENT,en,template
I need a dental appointment today asap,BOOK_APPOINTMENT,en,template
pls I need a dental appointment today,BOOK_APPOINTMENT,en,template
pls I need a dental appointment today please,BOOK_APPOINTMENT,en,template
pls I need a dental appointment today pls,BOOK_APPOINTMENT,en,template
pls I need a dental appointment today ??,BOOK_APPOINTMENT,en,template
pls I need a dental appointment today asap,BOOK_APPOINTMENT,en,template
plz I need a dental appointment today,BOOK_APPOINTMENT,en,template
plz I need a dental appointment today please,BOOK_APPOINTMENT,en,template
plz I need a dental appointment today pls,BOOK_APPOINTMENT,en,template
plz I need a dental appointment today ??,BOOK_APPOINTMENT,en,template
plz I need a dental appointment today asap,BOOK_APPOINTMENT,en,template
hello I need a dental appointment today,BOOK_APPOINTMENT,en,template
hello I need a dental appointment today please,BOOK_APPOINTMENT,en,template
hello I need a dental appointment today pls,BOOK_APPOINTMENT,en,template
hello I need a dental appointment today ??,BOOK_APPOINTMENT,en,template
hello I need a dental appointment today asap,BOOK_APPOINTMENT,en,template
hi I need a dental appointment today,BOOK_APPOINTMENT,en,template
hi I need a dental appointment today please,BOOK_APPOINTMENT,en,template
hi I need a dental appointment today pls,BOOK_APPOINTMENT,en,template
hi I need a dental appointment today ??,BOOK_APPOINTMENT,en,template
hi I need a dental appointment today asap,BOOK_APPOINTMENT,en,template
I need a dental appointment tomorrow,BOOK_APPOINTMENT,en,template
I need a dental appointment tomorrow please,BOOK_APPOINTMENT,en,template
I need a dental appointment tomorrow pls,BOOK_APPOINTMENT,en,template
I need a dental appointment tomorrow ??,BOOK_APPOINTMENT,en,template
I need a dental appointment tomorrow asap,BOOK_APPOINTMENT,en,template
pls I need a dental appointment tomorrow,BOOK_APPOINTMENT,en,template
pls I need a dental appointment tomorrow please,BOOK_APPOINTMENT,en,template
pls I need a dental appointment tomorrow pls,BOOK_APPOINTMENT,en,template
pls I need a dental appointment tomorrow ??,BOOK_APPOINTMENT,en,template
pls I need a dental appointment tomorrow asap,BOOK_APPOINTMENT,en,template
plz I need a dental appointment tomorrow,BOOK_APPOINTMENT,en,template
plz I need a dental appointment tomorrow please,BOOK_APPOINTMENT,en,template
plz I need a dental appointment tomorrow pls,BOOK_APPOINTMENT,en,template
plz I need a dental appointment tomorrow ??,BOOK_APPOINTMENT,en,template
plz I need a dental appointment tomorrow asap,BOOK_APPOINTMENT,en,template
hello I need a dental appointment tomorrow,BOOK_APPOINTMENT,en,template
hello I need a dental appointment tomorrow please,BOOK_APPOINTMENT,en,template
hello I need a dental appointment tomorrow pls,BOOK_APPOINTMENT,en,template
hello I need a dental appointment tomorrow ??,BOOK_APPOINTMENT,en,template
hello I need a dental appointment tomorrow asap,BOOK_APPOINTMENT,en,template
hi I need a dental appointment tomorrow,BOOK_APPOINTMENT,en,template
hi I need a dental appointment tomorrow please,BOOK_APPOINTMENT,en,template
hi I need a dental appointment tomorrow pls,BOOK_APPOINTMENT,en,template
hi I need a dental appointment tomorrow ??,BOOK_APPOINTMENT,en,template
hi I need a dental appointment tomorrow asap,BOOK_APPOINTMENT,en,template
I need a dental appointment asap,BOOK_APPOINTMENT,en,template
I need a dental appointment asap please,BOOK_APPOINTMENT,en,template
I need a dental appointment asap pls,BOOK_APPOINTMENT,en,template
I need a dental appointment asap ??,BOOK_APPOINTMENT,en,template
I need a dental appointment asap asap,BOOK_APPOINTMENT,en,template
pls I need a dental appointment asap,BOOK_APPOINTMENT,en,template
pls I need a dental appointment asap please,BOOK_APPOINTMENT,en,template
pls I need a dental appointment asap pls,BOOK_APPOINTMENT,en,template
pls I need a dental appointment asap ??,BOOK_APPOINTMENT,en,template
pls I need a dental appointment asap asap,BOOK_APPOINTMENT,en,template
plz I need a dental appointment asap,BOOK_APPOINTMENT,en,template
plz I need a dental appointment asap please,BOOK_APPOINTMENT,en,template
plz I need a dental appointment asap pls,BOOK_APPOINTMENT,en,template
plz I need a dental appointment asap ??,BOOK_APPOINTMENT,en,template
plz I need a dental appointment asap asap,BOOK_APPOINTMENT,en,template
hello I need a dental appointment asap,BOOK_APPOINTMENT,en,template
hello I need a dental appointment asap please,BOOK_APPOINTMENT,en,template
hello I need a dental appointment asap pls,BOOK_APPOINTMENT,en,template
hello I need a dental appointment asap ??,BOOK_APPOINTMENT,en,template
hello I need a dental appointment asap asap,BOOK_APPOINTMENT,en,template
hi I need a dental appointment asap,BOOK_APPOINTMENT,en,template
hi I need a dental appointment asap please,BOOK_APPOINTMENT,en,template
hi I need a dental appointment asap pls,BOOK_APPOINTMENT,en,template
hi I need a dental appointment asap ??,BOOK_APPOINTMENT,en,template
hi I need a dental appointment asap asap,BOOK_APPOINTMENT,en,template
I need a dental appointment this week,BOOK_APPOINTMENT,en,template
I need a dental appointment this week please,BOOK_APPOINTMENT,en,template
I need a dental appointment this week pls,BOOK_APPOINTMENT,en,template
I need a dental appointment this week ??,BOOK_APPOINTMENT,en,template
I need a dental appointment this week asap,BOOK_APPOINTMENT,en,template
pls I need a dental appointment this week,BOOK_APPOINTMENT,en,template
pls I need a dental appointment this week please,BOOK_APPOINTMENT,en,template
pls I need a dental appointment this week pls,BOOK_APPOINTMENT,en,template
pls I need a dental appointment this week ??,BOOK_APPOINTMENT,en,template
pls I need a dental appointment this week asap,BOOK_APPOINTMENT,en,template
plz I need a dental appointment this week,BOOK_APPOINTMENT,en,template
plz I need a dental appointment this week please,BOOK_APPOINTMENT,en,template
plz I need a dental appointment this week pls,BOOK_APPOINTMENT,en,template
plz I need a dental appointment this week ??,BOOK_APPOINTMENT,en,template
plz I need a dental appointment this week asap,BOOK_APPOINTMENT,en,template
hello I need a dental appointment this week,BOOK_APPOINTMENT,en,template
hello I need a dental appointment this week please,BOOK_APPOINTMENT,en,template
hello I need a dental appointment this week pls,BOOK_APPOINTMENT,en,template
hello I need a dental appointment this week ??,BOOK_APPOINTMENT,en,template
hello I need a dental appointment this week asap,BOOK_APPOINTMENT,en,template
hi I need a dental appointment this week,BOOK_APPOINTMENT,en,template
hi I need a dental appointment this week please,BOOK_APPOINTMENT,en,template
hi I need a dental appointment this week pls,BOOK_APPOINTMENT,en,template
hi I need a dental appointment this week ??,BOOK_APPOINTMENT,en,template
hi I need a dental appointment this week asap,BOOK_APPOINTMENT,en,template
I need a dental appointment after 5pm,BOOK_APPOINTMENT,en,template
I need a dental appointment after 5pm please,BOOK_APPOINTMENT,en,template
I need a dental appointment after 5pm pls,BOOK_APPOINTMENT,en,template
I need a dental appointment after 5pm ??,BOOK_APPOINTMENT,en,template
I need a dental appointment after 5pm asap,BOOK_APPOINTMENT,en,template
pls I need a dental appointment after 5pm,BOOK_APPOINTMENT,en,template
pls I need a dental appointment after 5pm please,BOOK_APPOINTMENT,en,template
pls I need a dental appointment after 5pm pls,BOOK_APPOINTMENT,en,template
pls I need a dental appointment after 5pm ??,BOOK_APPOINTMENT,en,template
pls I need a dental appointment after 5pm asap,BOOK_APPOINTMENT,en,template
plz I need a dental appointment after 5pm,BOOK_APPOINTMENT,en,template
plz I need a dental appointment after 5pm please,BOOK_APPOINTMENT,en,template
plz I need a dental appointment after 5pm pls,BOOK_APPOINTMENT,en,template
plz I need a dental appointment after 5pm ??,BOOK_APPOINTMENT,en,template
plz I need a dental appointment after 5pm asap,BOOK_APPOINTMENT,en,template
hello I need a dental appointment after 5pm,BOOK_APPOINTMENT,en,template
hello I need a dental appointment after 5pm please,BOOK_APPOINTMENT,en,template
hello I need a dental appointment after 5pm pls,BOOK_APPOINTMENT,en,template
hello I need a dental appointment after 5pm ??,BOOK_APPOINTMENT,en,template
hello I need a dental appointment after 5pm asap,BOOK_APPOINTMENT,en,template
hi I need a dental appointment after 5pm,BOOK_APPOINTMENT,en,template
hi I need a dental appointment after 5pm please,BOOK_APPOINTMENT,en,template
hi I need a dental appointment after 5pm pls,BOOK_APPOINTMENT,en,template
hi I need a dental appointment after 5pm ??,BOOK_APPOINTMENT,en,template
hi I need a dental appointment after 5pm asap,BOOK_APPOINTMENT,en,template
I need a dental appointment morning,BOOK_APPOINTMENT,en,template
I need a dental appointment morning please,BOOK_APPOINTMENT,en,template
I need a dental appointment morning pls,BOOK_APPOINTMENT,en,template
I need a dental appointment morning ??,BOOK_APPOINTMENT,en,template
I need a dental appointment morning asap,BOOK_APPOINTMENT,en,template
pls I need a dental appointment morning,BOOK_APPOINTMENT,en,template
pls I need a dental appointment morning please,BOOK_APPOINTMENT,en,template
pls I need a dental appointment morning pls,BOOK_APPOINTMENT,en,template
pls I need a dental appointment morning ??,BOOK_APPOINTMENT,en,template
pls I need a dental appointment morning asap,BOOK_APPOINTMENT,en,template
plz I need a dental appointment morning,BOOK_APPOINTMENT,en,template
plz I need a dental appointment morning please,BOOK_APPOINTMENT,en,template
plz I need a dental appointment morning pls,BOOK_APPOINTMENT,en,template
plz I need a dental appointment morning ??,BOOK_APPOINTMENT,en,template
plz I need a dental appointment morning asap,BOOK_APPOINTMENT,en,template
hello I need a dental appointment morning,BOOK_APPOINTMENT,en,template
hello I need a dental appointment morning please,BOOK_APPOINTMENT,en,template
hello I need a dental appointment morning pls,BOOK_APPOINTMENT,en,template
hello I need a dental appointment morning ??,BOOK_APPOINTMENT,en,template
hello I need a dental appointment morning asap,BOOK_APPOINTMENT,en,template
hi I need a dental appointment morning,BOOK_APPOINTMENT,en,template
hi I need a dental appointment morning please,BOOK_APPOINTMENT,en,template
hi I need a dental appointment morning pls,BOOK_APPOINTMENT,en,template
hi I need a dental appointment morning ??,BOOK_APPOINTMENT,en,template
hi I need a dental appointment morning asap,BOOK_APPOINTMENT,en,template
I need a skin doctor appointment today,BOOK_APPOINTMENT,en,template
I need a skin doctor appointment today please,BOOK_APPOINTMENT,en,template
I need a skin doctor appointment today pls,BOOK_APPOINTMENT,en,template
I need a skin doctor appointment today ??,BOOK_APPOINTMENT,en,template
I need a skin doctor appointment today asap,BOOK_APPOINTMENT,en,template
pls I need a skin doctor appointment today,BOOK_APPOINTMENT,en,template
pls I need a skin doctor appointment today please,BOOK_APPOINTMENT,en,template
pls I need a skin doctor appointment today pls,BOOK_APPOINTMENT,en,template
pls I need a skin doctor appointment today ??,BOOK_APPOINTMENT,en,template
pls I need a skin doctor appointment today asap,BOOK_APPOINTMENT,en,template
plz I need a skin doctor appointment today,BOOK_APPOINTMENT,en,template
plz I need a skin doctor appointment today please,BOOK_APPOINTMENT,en,template
plz I need a skin doctor appointment today pls,BOOK_APPOINTMENT,en,template
plz I need a skin doctor appointment today ??,BOOK_APPOINTMENT,en,template
plz I need a skin doctor appointment today asap,BOOK_APPOINTMENT,en,template
hello I need a skin doctor appointment today,BOOK_APPOINTMENT,en,template
hello I need a skin doctor appointment today please,BOOK_APPOINTMENT,en,template
hello I need a skin doctor appointment today pls,BOOK_APPOINTMENT,en,template
hello I need a skin doctor appointment today ??,BOOK_APPOINTMENT,en,template
hello I need a skin doctor appointment today asap,BOOK_APPOINTMENT,en,template
hi I need a skin doctor appointment today,BOOK_APPOINTMENT,en,template
hi I need a skin doctor appointment today please,BOOK_APPOINTMENT,en,template
hi I need a skin doctor appointment today pls,BOOK_APPOINTMENT,en,template
hi I need a skin doctor appointment today ??,BOOK_APPOINTMENT,en,template
hi I need a skin doctor appointment today asap,BOOK_APPOINTMENT,en,template
I need a skin doctor appointment tomorrow,BOOK_APPOINTMENT,en,template
I need a skin doctor appointment tomorrow please,BOOK_APPOINTMENT,en,template
I need a skin doctor appointment tomorrow pls,BOOK_APPOINTMENT,en,template
I need a skin doctor appointment tomorrow ??,BOOK_APPOINTMENT,en,template
I need a skin doctor appointment tomorrow asap,BOOK_APPOINTMENT,en,template
pls I need a skin doctor appointment tomorrow,BOOK_APPOINTMENT,en,template
pls I need a skin doctor appointment tomorrow please,BOOK_APPOINTMENT,en,template
pls I need a skin doctor appointment tomorrow pls,BOOK_APPOINTMENT,en,template
pls I need a skin doctor appointment tomorrow ??,BOOK_APPOINTMENT,en,template
pls I need a skin doctor appointment tomorrow asap,BOOK_APPOINTMENT,en,template
plz I need a skin doctor appointment tomorrow,BOOK_APPOINTMENT,en,template
plz I need a skin doctor appointment tomorrow please,BOOK_APPOINTMENT,en,template
plz I need a skin doctor appointment tomorrow pls,BOOK_APPOINTMENT,en,template
plz I need a skin doctor appointment tomorrow ??,BOOK_APPOINTMENT,en,template
plz I need a skin doctor appointment tomorrow asap,BOOK_APPOINTMENT,en,template
hello I need a skin doctor appointment tomorrow,BOOK_APPOINTMENT,en,template
hello I need a skin doctor appointment tomorrow please,BOOK_APPOINTMENT,en,template
hello I need a skin doctor appointment tomorrow pls,BOOK_APPOINTMENT,en,template
hello I need a skin doctor appointment tomorrow ??,BOOK_APPOINTMENT,en,template
hello I need a skin doctor appointment tomorrow asap,BOOK_APPOINTMENT,en,template
hi I need a skin doctor appointment tomorrow,BOOK_APPOINTMENT,en,template
hi I need a skin doctor appointment tomorrow please,BOOK_APPOINTMENT,en,template
hi I need a skin doctor appointment tomorrow pls,BOOK_APPOINTMENT,en,template
hi I need a skin doctor appointment tomorrow ??,BOOK_APPOINTMENT,en,template
hi I need a skin doctor appointment tomorrow asap,BOOK_APPOINTMENT,en,template
I need a skin doctor appointment asap,BOOK_APPOINTMENT,en,template
I need a skin doctor appointment asap please,BOOK_APPOINTMENT,en,template
I need a skin doctor appointment asap pls,BOOK_APPOINTMENT,en,template
I need a skin doctor appointment asap ??,BOOK_APPOINTMENT,en,template
I need a skin doctor appointment asap asap,BOOK_APPOINTMENT,en,template
pls I need a skin doctor appointment asap,BOOK_APPOINTMENT,en,template
pls I need a skin doctor appointment asap please,BOOK_APPOINTMENT,en,template
pls I need a skin doctor appointment asap pls,BOOK_APPOINTMENT,en,template
pls I need a skin doctor appointment asap ??,BOOK_APPOINTMENT,en,template
pls I need a skin doctor appointment asap asap,BOOK_APPOINTMENT,en,template
plz I need a skin doctor appointment asap,BOOK_APPOINTMENT,en,template
plz I need a skin doctor appointment asap please,BOOK_APPOINTMENT,en,template
plz I need a skin doctor appointment asap pls,BOOK_APPOINTMENT,en,template
plz I need a skin doctor appointment asap ??,BOOK_APPOINTMENT,en,template
plz I need a skin doctor appointment asap asap,BOOK_APPOINTMENT,en,template
hello I need a skin doctor appointment asap,BOOK_APPOINTMENT,en,template
hello I need a skin doctor appointment asap please,BOOK_APPOINTMENT,en,template
hello I need a skin doctor appointment asap pls,BOOK_APPOINTMENT,en,template
hello I need a skin doctor appointment asap ??,BOOK_APPOINTMENT,en,template
hello I need a skin doctor appointment asap asap,BOOK_APPOINTMENT,en,template
hi I need a skin doctor appointment asap,BOOK_APPOINTMENT,en,template
hi I need a skin doctor appointment asap please,BOOK_APPOINTMENT,en,template
hi I need a skin doctor appointment asap pls,BOOK_APPOINTMENT,en,template
hi I need a skin doctor appointment asap ??,BOOK_APPOINTMENT,en,template
hi I need a skin doctor appointment asap asap,BOOK_APPOINTMENT,en,template
I need a skin doctor appointment this week,BOOK_APPOINTMENT,en,template
I need a skin doctor appointment this week please,BOOK_APPOINTMENT,en,template
I need a skin doctor appointment this week pls,BOOK_APPOINTMENT,en,template
I need a skin doctor appointment this week ??,BOOK_APPOINTMENT,en,template
I need a skin doctor appointment this week asap,BOOK_APPOINTMENT,en,template
pls I need a skin doctor appointment this week,BOOK_APPOINTMENT,en,template
pls I need a skin doctor appointment this week please,BOOK_APPOINTMENT,en,template
pls I need a skin doctor appointment this week pls,BOOK_APPOINTMENT,en,template
pls I need a skin doctor appointment this week ??,BOOK_APPOINTMENT,en,template
pls I need a skin doctor appointment this week asap,BOOK_APPOINTMENT,en,template
plz I need a skin doctor appointment this week,BOOK_APPOINTMENT,en,template
plz I need a skin doctor appointment this week please,BOOK_APPOINTMENT,en,template
plz I need a skin doctor appointment this week pls,BOOK_APPOINTMENT,en,template
plz I need a skin doctor appointment this week ??,BOOK_APPOINTMENT,en,template
plz I need a skin doctor appointment this week asap,BOOK_APPOINTMENT,en,template
hello I need a skin doctor appointment this week,BOOK_APPOINTMENT,en,template
hello I need a skin doctor appointment this week please,BOOK_APPOINTMENT,en,template
hello I need a skin doctor appointment this week pls,BOOK_APPOINTMENT,en,template
hello I need a skin doctor appointment this week ??,BOOK_APPOINTMENT,en,template
hello I need a skin doctor appointment this week asap,BOOK_APPOINTMENT,en,template
hi I need a skin doctor appointment this week,BOOK_APPOINTMENT,en,template
hi I need a skin doctor appointment this week please,BOOK_APPOINTMENT,en,template
hi I need a skin doctor appointment this week pls,BOOK_APPOINTMENT,en,template
hi I need a skin doctor appointment this week ??,BOOK_APPOINTMENT,en,template
hi I need a skin doctor appointment this week asap,BOOK_APPOINTMENT,en,template
I need a skin doctor appointment after 5pm,BOOK_APPOINTMENT,en,template
I need a skin doctor appointment after 5pm please,BOOK_APPOINTMENT,en,template
I need a skin doctor appointment after 5pm pls,BOOK_APPOINTMENT,en,template
I need a skin doctor appointment after 5pm ??,BOOK_APPOINTMENT,en,template
I need a skin doctor appointment after 5pm asap,BOOK_APPOINTMENT,en,template
pls I need a skin doctor appointment after 5pm,BOOK_APPOINTMENT,en,template
pls I need a skin doctor appointment after 5pm please,BOOK_APPOINTMENT,en,template
pls I need a skin doctor appointment after 5pm pls,BOOK_APPOINTMENT,en,template
pls I need a skin doctor appointment after 5pm ??,BOOK_APPOINTMENT,en,template
pls I need a skin doctor appointment after 5pm asap,BOOK_APPOINTMENT,en,template
plz I need a skin doctor appointment after 5pm,BOOK_APPOINTMENT,en,template
plz I need a skin doctor appointment after 5pm please,BOOK_APPOINTMENT,en,template
plz I need a skin doctor appointment after 5pm pls,BOOK_APPOINTMENT,en,template
plz I need a skin doctor appointment after 5pm ??,BOOK_APPOINTMENT,en,template
plz I need a skin doctor appointment after 5pm asap,BOOK_APPOINTMENT,en,template
hello I need a skin doctor appointment after 5pm,BOOK_APPOINTMENT,en,template
hello I need a skin doctor appointment after 5pm please,BOOK_APPOINTMENT,en,template
hello I need a skin doctor appointment after 5pm pls,BOOK_APPOINTMENT,en,template
hello I need a skin doctor appointment after 5pm ??,BOOK_APPOINTMENT,en,template
hello I need a skin doctor appointment after 5pm asap,BOOK_APPOINTMENT,en,template
hi I need a skin doctor appointment after 5pm,BOOK_APPOINTMENT,en,template
hi I need a skin doctor appointment after 5pm please,BOOK_APPOINTMENT,en,template
hi I need a skin doctor appointment after 5pm pls,BOOK_APPOINTMENT,en,template
hi I need a skin doctor appointment after 5pm ??,BOOK_APPOINTMENT,en,template
hi I need a skin doctor appointment after 5pm asap,BOOK_APPOINTMENT,en,template
I need a skin doctor appointment morning,BOOK_APPOINTMENT,en,template
I need a skin doctor appointment morning please,BOOK_APPOINTMENT,en,template
I need a skin doctor appointment morning pls,BOOK_APPOINTMENT,en,template
I need a skin doctor appointment morning ??,BOOK_APPOINTMENT,en,template
I need a skin doctor appointment morning asap,BOOK_APPOINTMENT,en,template
pls I need a skin doctor appointment morning,BOOK_APPOINTMENT,en,template
pls I need a skin doctor appointment morning please,BOOK_APPOINTMENT,en,template
pls I need a skin doctor appointment morning pls,BOOK_APPOINTMENT,en,template
pls I need a skin doctor appointment morning ??,BOOK_APPOINTMENT,en,template
pls I need a skin doctor appointment morning asap,BOOK_APPOINTMENT,en,template
plz I need a skin doctor appointment morning,BOOK_APPOINTMENT,en,template
plz I need a skin doctor appointment morning please,BOOK_APPOINTMENT,en,template
plz I need a skin doctor appointment morning pls,BOOK_APPOINTMENT,en,template
plz I need a skin doctor appointment morning ??,BOOK_APPOINTMENT,en,template
plz I need a skin doctor appointment morning asap,BOOK_APPOINTMENT,en,template
hello I need a skin doctor appointment morning,BOOK_APPOINTMENT,en,template
hello I need a skin doctor appointment morning please,BOOK_APPOINTMENT,en,template
hello I need a skin doctor appointment morning pls,BOOK_APPOINTMENT,en,template
hello I need a skin doctor appointment morning ??,BOOK_APPOINTMENT,en,template
hello I need a skin doctor appointment morning asap,BOOK_APPOINTMENT,en,template
hi I need a skin doctor appointment morning,BOOK_APPOINTMENT,en,template
hi I need a skin doctor appointment morning please,BOOK_APPOINTMENT,en,template
hi I need a skin doctor appointment morning pls,BOOK_APPOINTMENT,en,template
hi I need a skin doctor appointment morning ??,BOOK_APPOINTMENT,en,template
hi I need a skin doctor appointment morning asap,BOOK_APPOINTMENT,en,template
I need a derma appointment today,BOOK_APPOINTMENT,en,template
I need a derma appointment today please,BOOK_APPOINTMENT,en,template
I need a derma appointment today pls,BOOK_APPOINTMENT,en,template
I need a derma appointment today ??,BOOK_APPOINTMENT,en,template
I need a derma appointment today asap,BOOK_APPOINTMENT,en,template
pls I need a derma appointment today,BOOK_APPOINTMENT,en,template
pls I need a derma appointment today please,BOOK_APPOINTMENT,en,template
pls I need a derma appointment today pls,BOOK_APPOINTMENT,en,template
pls I need a derma appointment today ??,BOOK_APPOINTMENT,en,template
pls I need a derma appointment today asap,BOOK_APPOINTMENT,en,template
plz I need a derma appointment today,BOOK_APPOINTMENT,en,template
plz I need a derma appointment today please,BOOK_APPOINTMENT,en,template
plz I need a derma appointment today pls,BOOK_APPOINTMENT,en,template
plz I need a derma appointment today ??,BOOK_APPOINTMENT,en,template
plz I need a derma appointment today asap,BOOK_APPOINTMENT,en,template
hello I need a derma appointment today,BOOK_APPOINTMENT,en,template
hello I need a derma appointment today please,BOOK_APPOINTMENT,en,template
hello I need a derma appointment today pls,BOOK_APPOINTMENT,en,template
hello I need a derma appointment today ??,BOOK_APPOINTMENT,en,template
hello I need a derma appointment today asap,BOOK_APPOINTMENT,en,template
hi I need a derma appointment today,BOOK_APPOINTMENT,en,template
hi I need a derma appointment today please,BOOK_APPOINTMENT,en,template
hi I need a derma appointment today pls,BOOK_APPOINTMENT,en,template
hi I need a derma appointment today ??,BOOK_APPOINTMENT,en,template
hi I need a derma appointment today asap,BOOK_APPOINTMENT,en,template
I need a derma appointment tomorrow,BOOK_APPOINTMENT,en,template
I need a derma appointment tomorrow please,BOOK_APPOINTMENT,en,template
I need a derma appointment tomorrow pls,BOOK_APPOINTMENT,en,template
I need a derma appointment tomorrow ??,BOOK_APPOINTMENT,en,template
I need a derma appointment tomorrow asap,BOOK_APPOINTMENT,en,template
pls I need a derma appointment tomorrow,BOOK_APPOINTMENT,en,template
pls I need a derma appointment tomorrow please,BOOK_APPOINTMENT,en,template
pls I need a derma appointment tomorrow pls,BOOK_APPOINTMENT,en,template
pls I need a derma appointment tomorrow ??,BOOK_APPOINTMENT,en,template
pls I need a derma appointment tomorrow asap,BOOK_APPOINTMENT,en,template
plz I need a derma appointment tomorrow,BOOK_APPOINTMENT,en,template
plz I need a derma appointment tomorrow please,BOOK_APPOINTMENT,en,template
plz I need a derma appointment tomorrow pls,BOOK_APPOINTMENT,en,template
plz I need a derma appointment tomorrow ??,BOOK_APPOINTMENT,en,template
plz I need a derma appointment tomorrow asap,BOOK_APPOINTMENT,en,template
hello I need a derma appointment tomorrow,BOOK_APPOINTMENT,en,template
hello I need a derma appointment tomorrow please,BOOK_APPOINTMENT,en,template
hello I need a derma appointment tomorrow pls,BOOK_APPOINTMENT,en,template
hello I need a derma appointment tomorrow ??,BOOK_APPOINTMENT,en,template
hello I need a derma appointment tomorrow asap,BOOK_APPOINTMENT,en,template
hi I need a derma appointment tomorrow,BOOK_APPOINTMENT,en,template
hi I need a derma appointment tomorrow please,BOOK_APPOINTMENT,en,template
hi I need a derma appointment tomorrow pls,BOOK_APPOINTMENT,en,template
hi I need a derma appointment tomorrow ??,BOOK_APPOINTMENT,en,template
hi I need a derma appointment tomorrow asap,BOOK_APPOINTMENT,en,template
I need a derma appointment asap,BOOK_APPOINTMENT,en,template
I need a derma appointment asap please,BOOK_APPOINTMENT,en,template
I need a derma appointment asap pls,BOOK_APPOINTMENT,en,template
I need a derma appointment asap ??,BOOK_APPOINTMENT,en,template
I need a derma appointment asap asap,BOOK_APPOINTMENT,en,template
pls I need a derma appointment asap,BOOK_APPOINTMENT,en,template
pls I need a derma appointment asap please,BOOK_APPOINTMENT,en,template
pls I need a derma appointment asap pls,BOOK_APPOINTMENT,en,template
pls I need a derma appointment asap ??,BOOK_APPOINTMENT,en,template
pls I need a derma appointment asap asap,BOOK_APPOINTMENT,en,template
plz I need a derma appointment asap,BOOK_APPOINTMENT,en,template
plz I need a derma appointment asap please,BOOK_APPOINTMENT,en,template
plz I need a derma appointment asap pls,BOOK_APPOINTMENT,en,template
plz I need a derma appointment asap ??,BOOK_APPOINTMENT,en,template
plz I need a derma appointment asap asap,BOOK_APPOINTMENT,en,template
hello I need a derma appointment asap,BOOK_APPOINTMENT,en,template
hello I need a derma appointment asap please,BOOK_APPOINTMENT,en,template
hello I need a derma appointment asap pls,BOOK_APPOINTMENT,en,template
hello I need a derma appointment asap ??,BOOK_APPOINTMENT,en,template
hello I need a derma appointment asap asap,BOOK_APPOINTMENT,en,template
hi I need a derma appointment asap,BOOK_APPOINTMENT,en,template
hi I need a derma appointment asap please,BOOK_APPOINTMENT,en,template
hi I need a derma appointment asap pls,BOOK_APPOINTMENT,en,template
hi I need a derma appointment asap ??,BOOK_APPOINTMENT,en,template
hi I need a derma appointment asap asap,BOOK_APPOINTMENT,en,template
I need a derma appointment this week,BOOK_APPOINTMENT,en,template
I need a derma appointment this week please,BOOK_APPOINTMENT,en,template
I need a derma appointment this week pls,BOOK_APPOINTMENT,en,template
I need a derma appointment this week ??,BOOK_APPOINTMENT,en,template
I need a derma appointment this week asap,BOOK_APPOINTMENT,en,template
pls I need a derma appointment this week,BOOK_APPOINTMENT,en,template
pls I need a derma appointment this week please,BOOK_APPOINTMENT,en,template
pls I need a derma appointment this week pls,BOOK_APPOINTMENT,en,template
pls I need a derma appointment this week ??,BOOK_APPOINTMENT,en,template
pls I need a derma appointment this week asap,BOOK_APPOINTMENT,en,template
plz I need a derma appointment this week,BOOK_APPOINTMENT,en,template
plz I need a derma appointment this week please,BOOK_APPOINTMENT,en,template
plz I need a derma appointment this week pls,BOOK_APPOINTMENT,en,template
plz I need a derma appointment this week ??,BOOK_APPOINTMENT,en,template
plz I need a derma appointment this week asap,BOOK_APPOINTMENT,en,template
hello I need a derma appointment this week,BOOK_APPOINTMENT,en,template
hello I need a derma appointment this week please,BOOK_APPOINTMENT,en,template
hello I need a derma appointment this week pls,BOOK_APPOINTMENT,en,template
hello I need a derma appointment this week ??,BOOK_APPOINTMENT,en,template
hello I need a derma appointment this week asap,BOOK_APPOINTMENT,en,template
hi I need a derma appointment this week,BOOK_APPOINTMENT,en,template
hi I need a derma appointment this week please,BOOK_APPOINTMENT,en,template
hi I need a derma appointment this week pls,BOOK_APPOINTMENT,en,template
hi I need a derma appointment this week ??,BOOK_APPOINTMENT,en,template
hi I need a derma appointment this week asap,BOOK_APPOINTMENT,en,template
I need a derma appointment after 5pm,BOOK_APPOINTMENT,en,template
I need a derma appointment after 5pm please,BOOK_APPOINTMENT,en,template
I need a derma appointment after 5pm pls,BOOK_APPOINTMENT,en,template
I need a derma appointment after 5pm ??,BOOK_APPOINTMENT,en,template
I need a derma appointment after 5pm asap,BOOK_APPOINTMENT,en,template
pls I need a derma appointment after 5pm,BOOK_APPOINTMENT,en,template
pls I need a derma appointment after 5pm please,BOOK_APPOINTMENT,en,template
pls I need a derma appointment after 5pm pls,BOOK_APPOINTMENT,en,template
pls I need a derma appointment after 5pm ??,BOOK_APPOINTMENT,en,template
pls I need a derma appointment after 5pm asap,BOOK_APPOINTMENT,en,template
plz I need a derma appointment after 5pm,BOOK_APPOINTMENT,en,template
plz I need a derma appointment after 5pm please,BOOK_APPOINTMENT,en,template
plz I need a derma appointment after 5pm pls,BOOK_APPOINTMENT,en,template
plz I need a derma appointment after 5pm ??,BOOK_APPOINTMENT,en,template
plz I need a derma appointment after 5pm asap,BOOK_APPOINTMENT,en,template
hello I need a derma appointment after 5pm,BOOK_APPOINTMENT,en,template
hello I need a derma appointment after 5pm please,BOOK_APPOINTMENT,en,template
hello I need a derma appointment after 5pm pls,BOOK_APPOINTMENT,en,template
hello I need a derma appointment after 5pm ??,BOOK_APPOINTMENT,en,template
hello I need a derma appointment after 5pm asap,BOOK_APPOINTMENT,en,template
hi I need a derma appointment after 5pm,BOOK_APPOINTMENT,en,template
hi I need a derma appointment after 5pm please,BOOK_APPOINTMENT,en,template
hi I need a derma appointment after 5pm pls,BOOK_APPOINTMENT,en,template
hi I need a derma appointment after 5pm ??,BOOK_APPOINTMENT,en,template
hi I need a derma appointment after 5pm asap,BOOK_APPOINTMENT,en,template
I need a derma appointment morning,BOOK_APPOINTMENT,en,template
I need a derma appointment morning please,BOOK_APPOINTMENT,en,template
I need a derma appointment morning pls,BOOK_APPOINTMENT,en,template
I need a derma appointment morning ??,BOOK_APPOINTMENT,en,template
I need a derma appointment morning asap,BOOK_APPOINTMENT,en,template
cancel my appointment today,CANCEL_APPOINTMENT,en,template
cancel my appointment today please,CANCEL_APPOINTMENT,en,template
cancel my appointment today pls,CANCEL_APPOINTMENT,en,template
cancel my appointment today ??,CANCEL_APPOINTMENT,en,template
cancel my appointment today asap,CANCEL_APPOINTMENT,en,template
pls cancel my appointment today,CANCEL_APPOINTMENT,en,template
pls cancel my appointment today please,CANCEL_APPOINTMENT,en,template
pls cancel my appointment today pls,CANCEL_APPOINTMENT,en,template
pls cancel my appointment today ??,CANCEL_APPOINTMENT,en,template
pls cancel my appointment today asap,CANCEL_APPOINTMENT,en,template
plz cancel my appointment today,CANCEL_APPOINTMENT,en,template
plz cancel my appointment today please,CANCEL_APPOINTMENT,en,template
plz cancel my appointment today pls,CANCEL_APPOINTMENT,en,template
plz cancel my appointment today ??,CANCEL_APPOINTMENT,en,template
plz cancel my appointment today asap,CANCEL_APPOINTMENT,en,template
hello cancel my appointment today,CANCEL_APPOINTMENT,en,template
hello cancel my appointment today please,CANCEL_APPOINTMENT,en,template
hello cancel my appointment today pls,CANCEL_APPOINTMENT,en,template
hello cancel my appointment today ??,CANCEL_APPOINTMENT,en,template
hello cancel my appointment today asap,CANCEL_APPOINTMENT,en,template
hi cancel my appointment today,CANCEL_APPOINTMENT,en,template
hi cancel my appointment today please,CANCEL_APPOINTMENT,en,template
hi cancel my appointment today pls,CANCEL_APPOINTMENT,en,template
hi cancel my appointment today ??,CANCEL_APPOINTMENT,en,template
hi cancel my appointment today asap,CANCEL_APPOINTMENT,en,template
cancel my appointment tomorrow,CANCEL_APPOINTMENT,en,template
cancel my appointment tomorrow please,CANCEL_APPOINTMENT,en,template
cancel my appointment tomorrow pls,CANCEL_APPOINTMENT,en,template
cancel my appointment tomorrow ??,CANCEL_APPOINTMENT,en,template
cancel my appointment tomorrow asap,CANCEL_APPOINTMENT,en,template
pls cancel my appointment tomorrow,CANCEL_APPOINTMENT,en,template
pls cancel my appointment tomorrow please,CANCEL_APPOINTMENT,en,template
pls cancel my appointment tomorrow pls,CANCEL_APPOINTMENT,en,template
pls cancel my appointment tomorrow ??,CANCEL_APPOINTMENT,en,template
pls cancel my appointment tomorrow asap,CANCEL_APPOINTMENT,en,template
plz cancel my appointment tomorrow,CANCEL_APPOINTMENT,en,template
plz cancel my appointment tomorrow please,CANCEL_APPOINTMENT,en,template
plz cancel my appointment tomorrow pls,CANCEL_APPOINTMENT,en,template
plz cancel my appointment tomorrow ??,CANCEL_APPOINTMENT,en,template
plz cancel my appointment tomorrow asap,CANCEL_APPOINTMENT,en,template
hello cancel my appointment tomorrow,CANCEL_APPOINTMENT,en,template
hello cancel my appointment tomorrow please,CANCEL_APPOINTMENT,en,template
hello cancel my appointment tomorrow pls,CANCEL_APPOINTMENT,en,template
hello cancel my appointment tomorrow ??,CANCEL_APPOINTMENT,en,template
hello cancel my appointment tomorrow asap,CANCEL_APPOINTMENT,en,template
hi cancel my appointment tomorrow,CANCEL_APPOINTMENT,en,template
hi cancel my appointment tomorrow please,CANCEL_APPOINTMENT,en,template
hi cancel my appointment tomorrow pls,CANCEL_APPOINTMENT,en,template
hi cancel my appointment tomorrow ??,CANCEL_APPOINTMENT,en,template
hi cancel my appointment tomorrow asap,CANCEL_APPOINTMENT,en,template
cancel my appointment asap,CANCEL_APPOINTMENT,en,template
cancel my appointment asap please,CANCEL_APPOINTMENT,en,template
cancel my appointment asap pls,CANCEL_APPOINTMENT,en,template
cancel my appointment asap ??,CANCEL_APPOINTMENT,en,template
cancel my appointment asap asap,CANCEL_APPOINTMENT,en,template
pls cancel my appointment asap,CANCEL_APPOINTMENT,en,template
pls cancel my appointment asap please,CANCEL_APPOINTMENT,en,template
pls cancel my appointment asap pls,CANCEL_APPOINTMENT,en,template
pls cancel my appointment asap ??,CANCEL_APPOINTMENT,en,template
pls cancel my appointment asap asap,CANCEL_APPOINTMENT,en,template
plz cancel my appointment asap,CANCEL_APPOINTMENT,en,template
plz cancel my appointment asap please,CANCEL_APPOINTMENT,en,template
plz cancel my appointment asap pls,CANCEL_APPOINTMENT,en,template
plz cancel my appointment asap ??,CANCEL_APPOINTMENT,en,template
plz cancel my appointment asap asap,CANCEL_APPOINTMENT,en,template
hello cancel my appointment asap,CANCEL_APPOINTMENT,en,template
hello cancel my appointment asap please,CANCEL_APPOINTMENT,en,template
hello cancel my appointment asap pls,CANCEL_APPOINTMENT,en,template
hello cancel my appointment asap ??,CANCEL_APPOINTMENT,en,template
hello cancel my appointment asap asap,CANCEL_APPOINTMENT,en,template
hi cancel my appointment asap,CANCEL_APPOINTMENT,en,template
hi cancel my appointment asap please,CANCEL_APPOINTMENT,en,template
hi cancel my appointment asap pls,CANCEL_APPOINTMENT,en,template
hi cancel my appointment asap ??,CANCEL_APPOINTMENT,en,template
hi cancel my appointment asap asap,CANCEL_APPOINTMENT,en,template
cancel my appointment this week,CANCEL_APPOINTMENT,en,template
cancel my appointment this week please,CANCEL_APPOINTMENT,en,template
cancel my appointment this week pls,CANCEL_APPOINTMENT,en,template
cancel my appointment this week ??,CANCEL_APPOINTMENT,en,template
cancel my appointment this week asap,CANCEL_APPOINTMENT,en,template
pls cancel my appointment this week,CANCEL_APPOINTMENT,en,template
pls cancel my appointment this week please,CANCEL_APPOINTMENT,en,template
pls cancel my appointment this week pls,CANCEL_APPOINTMENT,en,template
pls cancel my appointment this week ??,CANCEL_APPOINTMENT,en,template
pls cancel my appointment this week asap,CANCEL_APPOINTMENT,en,template
plz cancel my appointment this week,CANCEL_APPOINTMENT,en,template
plz cancel my appointment this week please,CANCEL_APPOINTMENT,en,template
plz cancel my appointment this week pls,CANCEL_APPOINTMENT,en,template
plz cancel my appointment this week ??,CANCEL_APPOINTMENT,en,template
plz cancel my appointment this week asap,CANCEL_APPOINTMENT,en,template
hello cancel my appointment this week,CANCEL_APPOINTMENT,en,template
hello cancel my appointment this week please,CANCEL_APPOINTMENT,en,template
hello cancel my appointment this week pls,CANCEL_APPOINTMENT,en,template
hello cancel my appointment this week ??,CANCEL_APPOINTMENT,en,template
hello cancel my appointment this week asap,CANCEL_APPOINTMENT,en,template
hi cancel my appointment this week,CANCEL_APPOINTMENT,en,template
hi cancel my appointment this week please,CANCEL_APPOINTMENT,en,template
hi cancel my appointment this week pls,CANCEL_APPOINTMENT,en,template
hi cancel my appointment this week ??,CANCEL_APPOINTMENT,en,template
hi cancel my appointment this week asap,CANCEL_APPOINTMENT,en,template
cancel my appointment after 5pm,CANCEL_APPOINTMENT,en,template
cancel my appointment after 5pm please,CANCEL_APPOINTMENT,en,template
cancel my appointment after 5pm pls,CANCEL_APPOINTMENT,en,template
cancel my appointment after 5pm ??,CANCEL_APPOINTMENT,en,template
cancel my appointment after 5pm asap,CANCEL_APPOINTMENT,en,template
pls cancel my appointment after 5pm,CANCEL_APPOINTMENT,en,template
pls cancel my appointment after 5pm please,CANCEL_APPOINTMENT,en,template
pls cancel my appointment after 5pm pls,CANCEL_APPOINTMENT,en,template
pls cancel my appointment after 5pm ??,CANCEL_APPOINTMENT,en,template
pls cancel my appointment after 5pm asap,CANCEL_APPOINTMENT,en,template
plz cancel my appointment after 5pm,CANCEL_APPOINTMENT,en,template
plz cancel my appointment after 5pm please,CANCEL_APPOINTMENT,en,template
plz cancel my appointment after 5pm pls,CANCEL_APPOINTMENT,en,template
plz cancel my appointment after 5pm ??,CANCEL_APPOINTMENT,en,template
plz cancel my appointment after 5pm asap,CANCEL_APPOINTMENT,en,template
hello cancel my appointment after 5pm,CANCEL_APPOINTMENT,en,template
hello cancel my appointment after 5pm please,CANCEL_APPOINTMENT,en,template
hello cancel my appointment after 5pm pls,CANCEL_APPOINTMENT,en,template
hello cancel my appointment after 5pm ??,CANCEL_APPOINTMENT,en,template
hello cancel my appointment after 5pm asap,CANCEL_APPOINTMENT,en,template
hi cancel my appointment after 5pm,CANCEL_APPOINTMENT,en,template
hi cancel my appointment after 5pm please,CANCEL_APPOINTMENT,en,template
hi cancel my appointment after 5pm pls,CANCEL_APPOINTMENT,en,template
hi cancel my appointment after 5pm ??,CANCEL_APPOINTMENT,en,template
hi cancel my appointment after 5pm asap,CANCEL_APPOINTMENT,en,template
cancel my appointment morning,CANCEL_APPOINTMENT,en,template
cancel my appointment morning please,CANCEL_APPOINTMENT,en,template
cancel my appointment morning pls,CANCEL_APPOINTMENT,en,template
cancel my appointment morning ??,CANCEL_APPOINTMENT,en,template
cancel my appointment morning asap,CANCEL_APPOINTMENT,en,template
pls cancel my appointment morning,CANCEL_APPOINTMENT,en,template
pls cancel my appointment morning please,CANCEL_APPOINTMENT,en,template
pls cancel my appointment morning pls,CANCEL_APPOINTMENT,en,template
pls cancel my appointment morning ??,CANCEL_APPOINTMENT,en,template
pls cancel my appointment morning asap,CANCEL_APPOINTMENT,en,template
plz cancel my appointment morning,CANCEL_APPOINTMENT,en,template
plz cancel my appointment morning please,CANCEL_APPOINTMENT,en,template
plz cancel my appointment morning pls,CANCEL_APPOINTMENT,en,template
plz cancel my appointment morning ??,CANCEL_APPOINTMENT,en,template
plz cancel my appointment morning asap,CANCEL_APPOINTMENT,en,template
hello cancel my appointment morning,CANCEL_APPOINTMENT,en,template
hello cancel my appointment morning please,CANCEL_APPOINTMENT,en,template
hello cancel my appointment morning pls,CANCEL_APPOINTMENT,en,template
hello cancel my appointment morning ??,CANCEL_APPOINTMENT,en,template
hello cancel my appointment morning asap,CANCEL_APPOINTMENT,en,template
hi cancel my appointment morning,CANCEL_APPOINTMENT,en,template
hi cancel my appointment morning please,CANCEL_APPOINTMENT,en,template
hi cancel my appointment morning pls,CANCEL_APPOINTMENT,en,template
hi cancel my appointment morning ??,CANCEL_APPOINTMENT,en,template
hi cancel my appointment morning asap,CANCEL_APPOINTMENT,en,template
i cant come please cancel,CANCEL_APPOINTMENT,en,template
i cant come please cancel please,CANCEL_APPOINTMENT,en,template
i cant come please cancel pls,CANCEL_APPOINTMENT,en,template
i cant come please cancel ??,CANCEL_APPOINTMENT,en,template
i cant come please cancel asap,CANCEL_APPOINTMENT,en,template
pls i cant come please cancel,CANCEL_APPOINTMENT,en,template
pls i cant come please cancel please,CANCEL_APPOINTMENT,en,template
pls i cant come please cancel pls,CANCEL_APPOINTMENT,en,template
pls i cant come please cancel ??,CANCEL_APPOINTMENT,en,template
pls i cant come please cancel asap,CANCEL_APPOINTMENT,en,template
plz i cant come please cancel,CANCEL_APPOINTMENT,en,template
plz i cant come please cancel please,CANCEL_APPOINTMENT,en,template
plz i cant come please cancel pls,CANCEL_APPOINTMENT,en,template
plz i cant come please cancel ??,CANCEL_APPOINTMENT,en,template
plz i cant come please cancel asap,CANCEL_APPOINTMENT,en,template
hello i cant come please cancel,CANCEL_APPOINTMENT,en,template
hello i cant come please cancel please,CANCEL_APPOINTMENT,en,template
hello i cant come please cancel pls,CANCEL_APPOINTMENT,en,template
hello i cant come please cancel ??,CANCEL_APPOINTMENT,en,template
hello i cant come please cancel asap,CANCEL_APPOINTMENT,en,template
hi i cant come please cancel,CANCEL_APPOINTMENT,en,template
hi i cant come please cancel please,CANCEL_APPOINTMENT,en,template
hi i cant come please cancel pls,CANCEL_APPOINTMENT,en,template
hi i cant come please cancel ??,CANCEL_APPOINTMENT,en,template
hi i cant come please cancel asap,CANCEL_APPOINTMENT,en,template
remove my booking please,CANCEL_APPOINTMENT,en,template
remove my booking pls,CANCEL_APPOINTMENT,en,template
remove my booking ??,CANCEL_APPOINTMENT,en,template
remove my booking asap,CANCEL_APPOINTMENT,en,template
pls remove my booking,CANCEL_APPOINTMENT,en,template
pls remove my booking please,CANCEL_APPOINTMENT,en,template
pls remove my booking pls,CANCEL_APPOINTMENT,en,template
pls remove my booking ??,CANCEL_APPOINTMENT,en,template
pls remove my booking asap,CANCEL_APPOINTMENT,en,template
plz remove my booking,CANCEL_APPOINTMENT,en,template
plz remove my booking please,CANCEL_APPOINTMENT,en,template
plz remove my booking pls,CANCEL_APPOINTMENT,en,template
plz remove my booking ??,CANCEL_APPOINTMENT,en,template
plz remove my booking asap,CANCEL_APPOINTMENT,en,template
hello remove my booking,CANCEL_APPOINTMENT,en,template
hello remove my booking please,CANCEL_APPOINTMENT,en,template
hello remove my booking pls,CANCEL_APPOINTMENT,en,template
hello remove my booking ??,CANCEL_APPOINTMENT,en,template
hello remove my booking asap,CANCEL_APPOINTMENT,en,template
hi remove my booking,CANCEL_APPOINTMENT,en,template
hi remove my booking please,CANCEL_APPOINTMENT,en,template
hi remove my booking pls,CANCEL_APPOINTMENT,en,template
hi remove my booking ??,CANCEL_APPOINTMENT,en,template
hi remove my booking asap,CANCEL_APPOINTMENT,en,template
أريد إلغاء الموعد اليوم,CANCEL_APPOINTMENT,ar_msa,template
أريد إلغاء الموعد اليوم please,CANCEL_APPOINTMENT,ar_msa,template
أريد إلغاء الموعد اليوم pls,CANCEL_APPOINTMENT,ar_msa,template
أريد إلغاء الموعد اليوم ??,CANCEL_APPOINTMENT,ar_msa,template
أريد إلغاء الموعد اليوم asap,CANCEL_APPOINTMENT,ar_msa,template
pls أريد إلغاء الموعد اليوم,CANCEL_APPOINTMENT,ar_msa,template
pls أريد إلغاء الموعد اليوم please,CANCEL_APPOINTMENT,ar_msa,template
pls أريد إلغاء الموعد اليوم pls,CANCEL_APPOINTMENT,ar_msa,template
pls أريد إلغاء الموعد اليوم ??,CANCEL_APPOINTMENT,ar_msa,template
pls أريد إلغاء الموعد اليوم asap,CANCEL_APPOINTMENT,ar_msa,template
plz أريد إلغاء الموعد اليوم,CANCEL_APPOINTMENT,ar_msa,template
plz أريد إلغاء الموعد اليوم please,CANCEL_APPOINTMENT,ar_msa,template
plz أريد إلغاء الموعد اليوم pls,CANCEL_APPOINTMENT,ar_msa,template
plz أريد إلغاء الموعد اليوم ??,CANCEL_APPOINTMENT,ar_msa,template
plz أريد إلغاء الموعد اليوم asap,CANCEL_APPOINTMENT,ar_msa,template
hello أريد إلغاء الموعد اليوم,CANCEL_APPOINTMENT,ar_msa,template
hello أريد إلغاء الموعد اليوم please,CANCEL_APPOINTMENT,ar_msa,template
hello أريد إلغاء الموعد اليوم pls,CANCEL_APPOINTMENT,ar_msa,template
hello أريد إلغاء الموعد اليوم ??,CANCEL_APPOINTMENT,ar_msa,template
hello أريد إلغاء الموعد اليوم asap,CANCEL_APPOINTMENT,ar_msa,template
hi أريد إلغاء الموعد اليوم,CANCEL_APPOINTMENT,ar_msa,template
hi أريد إلغاء الموعد اليوم please,CANCEL_APPOINTMENT,ar_msa,template
hi أريد إلغاء الموعد اليوم pls,CANCEL_APPOINTMENT,ar_msa,template
hi أريد إلغاء الموعد اليوم ??,CANCEL_APPOINTMENT,ar_msa,template
hi أريد إلغاء الموعد اليوم asap,CANCEL_APPOINTMENT,ar_msa,template
أريد إلغاء الموعد بكرة,CANCEL_APPOINTMENT,ar_msa,template
أريد إلغاء الموعد بكرة please,CANCEL_APPOINTMENT,ar_msa,template
أريد إلغاء الموعد بكرة pls,CANCEL_APPOINTMENT,ar_msa,template
أريد إلغاء الموعد بكرة ??,CANCEL_APPOINTMENT,ar_msa,template
أريد إلغاء الموعد بكرة asap,CANCEL_APPOINTMENT,ar_msa,template
pls أريد إلغاء الموعد بكرة,CANCEL_APPOINTMENT,ar_msa,template
pls أريد إلغاء الموعد بكرة please,CANCEL_APPOINTMENT,ar_msa,template
pls أريد إلغاء الموعد بكرة pls,CANCEL_APPOINTMENT,ar_msa,template
pls أريد إلغاء الموعد بكرة ??,CANCEL_APPOINTMENT,ar_msa,template
pls أريد إلغاء الموعد بكرة asap,CANCEL_APPOINTMENT,ar_msa,template
plz أريد إلغاء الموعد بكرة,CANCEL_APPOINTMENT,ar_msa,template
plz أريد إلغاء الموعد بكرة please,CANCEL_APPOINTMENT,ar_msa,template
plz أريد إلغاء الموعد بكرة pls,CANCEL_APPOINTMENT,ar_msa,template
plz أريد إلغاء الموعد بكرة ??,CANCEL_APPOINTMENT,ar_msa,template
plz أريد إلغاء الموعد بكرة asap,CANCEL_APPOINTMENT,ar_msa,template
hello أريد إلغاء الموعد بكرة,CANCEL_APPOINTMENT,ar_msa,template
hello أريد إلغاء الموعد بكرة please,CANCEL_APPOINTMENT,ar_msa,template
hello أريد إلغاء الموعد بكرة pls,CANCEL_APPOINTMENT,ar_msa,template
hello أريد إلغاء الموعد بكرة ??,CANCEL_APPOINTMENT,ar_msa,template
hello أريد إلغاء الموعد بكرة asap,CANCEL_APPOINTMENT,ar_msa,template
hi أريد إلغاء الموعد بكرة,CANCEL_APPOINTMENT,ar_msa,template
hi أريد إلغاء الموعد بكرة please,CANCEL_APPOINTMENT,ar_msa,template
hi أريد إلغاء الموعد بكرة pls,CANCEL_APPOINTMENT,ar_msa,template
hi أريد إلغاء الموعد بكرة ??,CANCEL_APPOINTMENT,ar_msa,template
hi أريد إلغاء الموعد بكرة asap,CANCEL_APPOINTMENT,ar_msa,template
أريد إلغاء الموعد في أقرب وقت,CANCEL_APPOINTMENT,ar_msa,template
أريد إلغاء الموعد في أقرب وقت please,CANCEL_APPOINTMENT,ar_msa,template
أريد إلغاء الموعد في أقرب وقت pls,CANCEL_APPOINTMENT,ar_msa,template
أريد إلغاء الموعد في أقرب وقت ??,CANCEL_APPOINTMENT,ar_msa,template
أريد إلغاء الموعد في أقرب وقت asap,CANCEL_APPOINTMENT,ar_msa,template
pls أريد إلغاء الموعد في أقرب وقت,CANCEL_APPOINTMENT,ar_msa,template
pls أريد إلغاء الموعد في أقرب وقت please,CANCEL_APPOINTMENT,ar_msa,template
pls أريد إلغاء الموعد في أقرب وقت pls,CANCEL_APPOINTMENT,ar_msa,template
pls أريد إلغاء الموعد في أقرب وقت ??,CANCEL_APPOINTMENT,ar_msa,template
pls أريد إلغاء الموعد في أقرب وقت asap,CANCEL_APPOINTMENT,ar_msa,template
plz أريد إلغاء الموعد في أقرب وقت,CANCEL_APPOINTMENT,ar_msa,template
plz أريد إلغاء الموعد في أقرب وقت please,CANCEL_APPOINTMENT,ar_msa,template
plz أريد إلغاء الموعد في أقرب وقت pls,CANCEL_APPOINTMENT,ar_msa,template
plz أريد إلغاء الموعد في أقرب وقت ??,CANCEL_APPOINTMENT,ar_msa,template
plz أريد إلغاء الموعد في أقرب وقت asap,CANCEL_APPOINTMENT,ar_msa,template
hello أريد إلغاء الموعد في أقرب وقت,CANCEL_APPOINTMENT,ar_msa,template
hello أريد إلغاء الموعد في أقرب وقت please,CANCEL_APPOINTMENT,ar_msa,template
hello أريد إلغاء الموعد في أقرب وقت pls,CANCEL_APPOINTMENT,ar_msa,template
hello أريد إلغاء الموعد في أقرب وقت ??,CANCEL_APPOINTMENT,ar_msa,template
hello أريد إلغاء الموعد في أقرب وقت asap,CANCEL_APPOINTMENT,ar_msa,template
hi أريد إلغاء الموعد في أقرب وقت,CANCEL_APPOINTMENT,ar_msa,template
hi أريد إلغاء الموعد في أقرب وقت please,CANCEL_APPOINTMENT,ar_msa,template
hi أريد إلغاء الموعد في أقرب وقت pls,CANCEL_APPOINTMENT,ar_msa,template
hi أريد إلغاء الموعد في أقرب وقت ??,CANCEL_APPOINTMENT,ar_msa,template
hi أريد إلغاء الموعد في أقرب وقت asap,CANCEL_APPOINTMENT,ar_msa,template
أريد إلغاء الموعد هذا الأسبوع,CANCEL_APPOINTMENT,ar_msa,template
أريد إلغاء الموعد هذا الأسبوع please,CANCEL_APPOINTMENT,ar_msa,template
أريد إلغاء الموعد هذا الأسبوع pls,CANCEL_APPOINTMENT,ar_msa,template
أريد إلغاء الموعد هذا الأسبوع ??,CANCEL_APPOINTMENT,ar_msa,template
أريد إلغاء الموعد هذا الأسبوع asap,CANCEL_APPOINTMENT,ar_msa,template
pls أريد إلغاء الموعد هذا الأسبوع,CANCEL_APPOINTMENT,ar_msa,template
pls أريد إلغاء الموعد هذا الأسبوع please,CANCEL_APPOINTMENT,ar_msa,template
pls أريد إلغاء الموعد هذا الأسبوع pls,CANCEL_APPOINTMENT,ar_msa,template
pls أريد إلغاء الموعد هذا الأسبوع ??,CANCEL_APPOINTMENT,ar_msa,template
pls أريد إلغاء الموعد هذا الأسبوع asap,CANCEL_APPOINTMENT,ar_msa,template
plz أريد إلغاء الموعد هذا الأسبوع,CANCEL_APPOINTMENT,ar_msa,template
plz أريد إلغاء الموعد هذا الأسبوع please,CANCEL_APPOINTMENT,ar_msa,template
plz أريد إلغاء الموعد هذا الأسبوع pls,CANCEL_APPOINTMENT,ar_msa,template
plz أريد إلغاء الموعد هذا الأسبوع ??,CANCEL_APPOINTMENT,ar_msa,template
plz أريد إلغاء الموعد هذا الأسبوع asap,CANCEL_APPOINTMENT,ar_msa,template
hello أريد إلغاء الموعد هذا الأسبوع,CANCEL_APPOINTMENT,ar_msa,template
hello أريد إلغاء الموعد هذا الأسبوع please,CANCEL_APPOINTMENT,ar_msa,template
hello أريد إلغاء الموعد هذا الأسبوع pls,CANCEL_APPOINTMENT,ar_msa,template
hello أريد إلغاء الموعد هذا الأسبوع ??,CANCEL_APPOINTMENT,ar_msa,template
hello أريد إلغاء الموعد هذا الأسبوع asap,CANCEL_APPOINTMENT,ar_msa,template
hi أريد إلغاء الموعد هذا الأسبوع,CANCEL_APPOINTMENT,ar_msa,template
hi أريد إلغاء الموعد هذا الأسبوع please,CANCEL_APPOINTMENT,ar_msa,template
hi أريد إلغاء الموعد هذا الأسبوع pls,CANCEL_APPOINTMENT,ar_msa,template
hi أريد إلغاء الموعد هذا الأسبوع ??,CANCEL_APPOINTMENT,ar_msa,template
hi أريد إلغاء الموعد هذا الأسبوع asap,CANCEL_APPOINTMENT,ar_msa,template
أريد إلغاء الموعد بعد العصر,CANCEL_APPOINTMENT,ar_msa,template
أريد إلغاء الموعد بعد العصر please,CANCEL_APPOINTMENT,ar_msa,template
أريد إلغاء الموعد بعد العصر pls,CANCEL_APPOINTMENT,ar_msa,template
أريد إلغاء الموعد بعد العصر ??,CANCEL_APPOINTMENT,ar_msa,template
أريد إلغاء الموعد بعد العصر asap,CANCEL_APPOINTMENT,ar_msa,template
pls أريد إلغاء الموعد بعد العصر,CANCEL_APPOINTMENT,ar_msa,template
pls أريد إلغاء الموعد بعد العصر please,CANCEL_APPOINTMENT,ar_msa,template
pls أريد إلغاء الموعد بعد العصر pls,CANCEL_APPOINTMENT,ar_msa,template
pls أريد إلغاء الموعد بعد العصر ??,CANCEL_APPOINTMENT,ar_msa,template
pls أريد إلغاء الموعد بعد العصر asap,CANCEL_APPOINTMENT,ar_msa,template
plz أريد إلغاء الموعد بعد العصر,CANCEL_APPOINTMENT,ar_msa,template
plz أريد إلغاء الموعد بعد العصر please,CANCEL_APPOINTMENT,ar_msa,template
plz أريد إلغاء الموعد بعد العصر pls,CANCEL_APPOINTMENT,ar_msa,template
plz أريد إلغاء الموعد بعد العصر ??,CANCEL_APPOINTMENT,ar_msa,template
plz أريد إلغاء الموعد بعد العصر asap,CANCEL_APPOINTMENT,ar_msa,template
hello أريد إلغاء الموعد بعد العصر,CANCEL_APPOINTMENT,ar_msa,template
hello أريد إلغاء الموعد بعد العصر please,CANCEL_APPOINTMENT,ar_msa,template
hello أريد إلغاء الموعد بعد العصر pls,CANCEL_APPOINTMENT,ar_msa,template
hello أريد إلغاء الموعد بعد العصر ??,CANCEL_APPOINTMENT,ar_msa,template
hello أريد إلغاء الموعد بعد العصر asap,CANCEL_APPOINTMENT,ar_msa,template
hi أريد إلغاء الموعد بعد العصر,CANCEL_APPOINTMENT,ar_msa,template
hi أريد إلغاء الموعد بعد العصر please,CANCEL_APPOINTMENT,ar_msa,template
hi أريد إلغاء الموعد بعد العصر pls,CANCEL_APPOINTMENT,ar_msa,template
hi أريد إلغاء الموعد بعد العصر ??,CANCEL_APPOINTMENT,ar_msa,template
hi أريد إلغاء الموعد بعد العصر asap,CANCEL_APPOINTMENT,ar_msa,template
أريد إلغاء الموعد الصباح,CANCEL_APPOINTMENT,ar_msa,template
أريد إلغاء الموعد الصباح please,CANCEL_APPOINTMENT,ar_msa,template
أريد إلغاء الموعد الصباح pls,CANCEL_APPOINTMENT,ar_msa,template
أريد إلغاء الموعد الصباح ??,CANCEL_APPOINTMENT,ar_msa,template
أريد إلغاء الموعد الصباح asap,CANCEL_APPOINTMENT,ar_msa,template
pls أريد إلغاء الموعد الصباح,CANCEL_APPOINTMENT,ar_msa,template
pls أريد إلغاء الموعد الصباح please,CANCEL_APPOINTMENT,ar_msa,template
pls أريد إلغاء الموعد الصباح pls,CANCEL_APPOINTMENT,ar_msa,template
pls أريد إلغاء الموعد الصباح ??,CANCEL_APPOINTMENT,ar_msa,template
pls أريد إلغاء الموعد الصباح asap,CANCEL_APPOINTMENT,ar_msa,template
plz أريد إلغاء الموعد الصباح,CANCEL_APPOINTMENT,ar_msa,template
plz أريد إلغاء الموعد الصباح please,CANCEL_APPOINTMENT,ar_msa,template
plz أريد إلغاء الموعد الصباح pls,CANCEL_APPOINTMENT,ar_msa,template
plz أريد إلغاء الموعد الصباح ??,CANCEL_APPOINTMENT,ar_msa,template
plz أريد إلغاء الموعد الصباح asap,CANCEL_APPOINTMENT,ar_msa,template
hello أريد إلغاء الموعد الصباح,CANCEL_APPOINTMENT,ar_msa,template
hello أريد إلغاء الموعد الصباح please,CANCEL_APPOINTMENT,ar_msa,template
hello أريد إلغاء الموعد الصباح pls,CANCEL_APPOINTMENT,ar_msa,template
hello أريد إلغاء الموعد الصباح ??,CANCEL_APPOINTMENT,ar_msa,template
hello أريد إلغاء الموعد الصباح asap,CANCEL_APPOINTMENT,ar_msa,template
hi أريد إلغاء الموعد الصباح,CANCEL_APPOINTMENT,ar_msa,template
hi أريد إلغاء الموعد الصباح please,CANCEL_APPOINTMENT,ar_msa,template
hi أريد إلغاء الموعد الصباح pls,CANCEL_APPOINTMENT,ar_msa,template
hi أريد إلغاء الموعد الصباح ??,CANCEL_APPOINTMENT,ar_msa,template
hi أريد إلغاء الموعد الصباح asap,CANCEL_APPOINTMENT,ar_msa,template
لا أستطيع الحضور الرجاء الإلغاء,CANCEL_APPOINTMENT,ar_msa,template
لا أستطيع الحضور الرجاء الإلغاء please,CANCEL_APPOINTMENT,ar_msa,template
لا أستطيع الحضور الرجاء الإلغاء pls,CANCEL_APPOINTMENT,ar_msa,template
لا أستطيع الحضور الرجاء الإلغاء ??,CANCEL_APPOINTMENT,ar_msa,template
لا أستطيع الحضور الرجاء الإلغاء asap,CANCEL_APPOINTMENT,ar_msa,template
pls لا أستطيع الحضور الرجاء الإلغاء,CANCEL_APPOINTMENT,ar_msa,template
pls لا أستطيع الحضور الرجاء الإلغاء please,CANCEL_APPOINTMENT,ar_msa,template
pls لا أستطيع الحضور الرجاء الإلغاء pls,CANCEL_APPOINTMENT,ar_msa,template
pls لا أستطيع الحضور الرجاء الإلغاء ??,CANCEL_APPOINTMENT,ar_msa,template
pls لا أستطيع الحضور الرجاء الإلغاء asap,CANCEL_APPOINTMENT,ar_msa,template
plz لا أستطيع الحضور الرجاء الإلغاء,CANCEL_APPOINTMENT,ar_msa,template
plz لا أستطيع الحضور الرجاء الإلغاء please,CANCEL_APPOINTMENT,ar_msa,template
plz لا أستطيع الحضور الرجاء الإلغاء pls,CANCEL_APPOINTMENT,ar_msa,template
plz لا أستطيع الحضور الرجاء الإلغاء ??,CANCEL_APPOINTMENT,ar_msa,template
plz لا أستطيع الحضور الرجاء الإلغاء asap,CANCEL_APPOINTMENT,ar_msa,template
hello لا أستطيع الحضور الرجاء الإلغاء,CANCEL_APPOINTMENT,ar_msa,template
hello لا أستطيع الحضور الرجاء الإلغاء please,CANCEL_APPOINTMENT,ar_msa,template
hello لا أستطيع الحضور الرجاء الإلغاء pls,CANCEL_APPOINTMENT,ar_msa,template
hello لا أستطيع الحضور الرجاء الإلغاء ??,CANCEL_APPOINTMENT,ar_msa,template
hello لا أستطيع الحضور الرجاء الإلغاء asap,CANCEL_APPOINTMENT,ar_msa,template
hi لا أستطيع الحضور الرجاء الإلغاء,CANCEL_APPOINTMENT,ar_msa,template
hi لا أستطيع الحضور الرجاء الإلغاء please,CANCEL_APPOINTMENT,ar_msa,template
hi لا أستطيع الحضور الرجاء الإلغاء pls,CANCEL_APPOINTMENT,ar_msa,template
hi لا أستطيع الحضور الرجاء الإلغاء ??,CANCEL_APPOINTMENT,ar_msa,template
hi لا أستطيع الحضور الرجاء الإلغاء asap,CANCEL_APPOINTMENT,ar_msa,template
ابي الغي موعدي اليوم,CANCEL_APPOINTMENT,ar_gulf,template
ابي الغي موعدي اليوم please,CANCEL_APPOINTMENT,ar_gulf,template
ابي الغي موعدي اليوم pls,CANCEL_APPOINTMENT,ar_gulf,template
ابي الغي موعدي اليوم ??,CANCEL_APPOINTMENT,ar_gulf,template
ابي الغي موعدي اليوم asap,CANCEL_APPOINTMENT,ar_gulf,template
pls ابي الغي موعدي اليوم,CANCEL_APPOINTMENT,ar_gulf,template
pls ابي الغي موعدي اليوم please,CANCEL_APPOINTMENT,ar_gulf,template
pls ابي الغي موعدي اليوم pls,CANCEL_APPOINTMENT,ar_gulf,template
pls ابي الغي موعدي اليوم ??,CANCEL_APPOINTMENT,ar_gulf,template
pls ابي الغي موعدي اليوم asap,CANCEL_APPOINTMENT,ar_gulf,template
plz ابي الغي موعدي اليوم,CANCEL_APPOINTMENT,ar_gulf,template
plz ابي الغي موعدي اليوم please,CANCEL_APPOINTMENT,ar_gulf,template
plz ابي الغي موعدي اليوم pls,CANCEL_APPOINTMENT,ar_gulf,template
plz ابي الغي موعدي اليوم ??,CANCEL_APPOINTMENT,ar_gulf,template
plz ابي الغي موعدي اليوم asap,CANCEL_APPOINTMENT,ar_gulf,template
hello ابي الغي موعدي اليوم,CANCEL_APPOINTMENT,ar_gulf,template
hello ابي الغي موعدي اليوم please,CANCEL_APPOINTMENT,ar_gulf,template
hello ابي الغي موعدي اليوم pls,CANCEL_APPOINTMENT,ar_gulf,template
hello ابي الغي موعدي اليوم ??,CANCEL_APPOINTMENT,ar_gulf,template
hello ابي الغي موعدي اليوم asap,CANCEL_APPOINTMENT,ar_gulf,template
hi ابي الغي موعدي اليوم,CANCEL_APPOINTMENT,ar_gulf,template
hi ابي الغي موعدي اليوم please,CANCEL_APPOINTMENT,ar_gulf,template
hi ابي الغي موعدي اليوم pls,CANCEL_APPOINTMENT,ar_gulf,template
hi ابي الغي موعدي اليوم ??,CANCEL_APPOINTMENT,ar_gulf,template
hi ابي الغي موعدي اليوم asap,CANCEL_APPOINTMENT,ar_gulf,template
ابي الغي موعدي بكرة,CANCEL_APPOINTMENT,ar_gulf,template
ابي الغي موعدي بكرة please,CANCEL_APPOINTMENT,ar_gulf,template
ابي الغي موعدي بكرة pls,CANCEL_APPOINTMENT,ar_gulf,template
ابي الغي موعدي بكرة ??,CANCEL_APPOINTMENT,ar_gulf,template
ابي الغي موعدي بكرة asap,CANCEL_APPOINTMENT,ar_gulf,template
pls ابي الغي موعدي بكرة,CANCEL_APPOINTMENT,ar_gulf,template
pls ابي الغي موعدي بكرة please,CANCEL_APPOINTMENT,ar_gulf,template
pls ابي الغي موعدي بكرة pls,CANCEL_APPOINTMENT,ar_gulf,template
pls ابي الغي موعدي بكرة ??,CANCEL_APPOINTMENT,ar_gulf,template
pls ابي الغي موعدي بكرة asap,CANCEL_APPOINTMENT,ar_gulf,template
plz ابي الغي موعدي بكرة,CANCEL_APPOINTMENT,ar_gulf,template
plz ابي الغي موعدي بكرة please,CANCEL_APPOINTMENT,ar_gulf,template
plz ابي الغي موعدي بكرة pls,CANCEL_APPOINTMENT,ar_gulf,template
plz ابي الغي موعدي بكرة ??,CANCEL_APPOINTMENT,ar_gulf,template
plz ابي الغي موعدي بكرة asap,CANCEL_APPOINTMENT,ar_gulf,template
hello ابي الغي موعدي بكرة,CANCEL_APPOINTMENT,ar_gulf,template
hello ابي الغي موعدي بكرة please,CANCEL_APPOINTMENT,ar_gulf,template
hello ابي الغي موعدي بكرة pls,CANCEL_APPOINTMENT,ar_gulf,template
hello ابي الغي موعدي بكرة ??,CANCEL_APPOINTMENT,ar_gulf,template
hello ابي الغي موعدي بكرة asap,CANCEL_APPOINTMENT,ar_gulf,template
hi ابي الغي موعدي بكرة,CANCEL_APPOINTMENT,ar_gulf,template
hi ابي الغي موعدي بكرة please,CANCEL_APPOINTMENT,ar_gulf,template
hi ابي الغي موعدي بكرة pls,CANCEL_APPOINTMENT,ar_gulf,template
hi ابي الغي موعدي بكرة ??,CANCEL_APPOINTMENT,ar_gulf,template
hi ابي الغي موعدي بكرة asap,CANCEL_APPOINTMENT,ar_gulf,template
ابي الغي موعدي في أقرب وقت,CANCEL_APPOINTMENT,ar_gulf,template
ابي الغي موعدي في أقرب وقت please,CANCEL_APPOINTMENT,ar_gulf,template
ابي الغي موعدي في أقرب وقت pls,CANCEL_APPOINTMENT,ar_gulf,template
ابي الغي موعدي في أقرب وقت ??,CANCEL_APPOINTMENT,ar_gulf,template
ابي الغي موعدي في أقرب وقت asap,CANCEL_APPOINTMENT,ar_gulf,template
pls ابي الغي موعدي في أقرب وقت,CANCEL_APPOINTMENT,ar_gulf,template
pls ابي الغي موعدي في أقرب وقت please,CANCEL_APPOINTMENT,ar_gulf,template
pls ابي الغي موعدي في أقرب وقت pls,CANCEL_APPOINTMENT,ar_gulf,template
pls ابي الغي موعدي في أقرب وقت ??,CANCEL_APPOINTMENT,ar_gulf,template
pls ابي الغي موعدي في أقرب وقت asap,CANCEL_APPOINTMENT,ar_gulf,template
plz ابي الغي موعدي في أقرب وقت,CANCEL_APPOINTMENT,ar_gulf,template
plz ابي الغي موعدي في أقرب وقت please,CANCEL_APPOINTMENT,ar_gulf,template
plz ابي الغي موعدي في أقرب وقت pls,CANCEL_APPOINTMENT,ar_gulf,template
plz ابي الغي موعدي في أقرب وقت ??,CANCEL_APPOINTMENT,ar_gulf,template
plz ابي الغي موعدي في أقرب وقت asap,CANCEL_APPOINTMENT,ar_gulf,template
hello ابي الغي موعدي في أقرب وقت,CANCEL_APPOINTMENT,ar_gulf,template
hello ابي الغي موعدي في أقرب وقت please,CANCEL_APPOINTMENT,ar_gulf,template
hello ابي الغي موعدي في أقرب وقت pls,CANCEL_APPOINTMENT,ar_gulf,template
hello ابي الغي موعدي في أقرب وقت ??,CANCEL_APPOINTMENT,ar_gulf,template
hello ابي الغي موعدي في أقرب وقت asap,CANCEL_APPOINTMENT,ar_gulf,template
hi ابي الغي موعدي في أقرب وقت,CANCEL_APPOINTMENT,ar_gulf,template
hi ابي الغي موعدي في أقرب وقت please,CANCEL_APPOINTMENT,ar_gulf,template
hi ابي الغي موعدي في أقرب وقت pls,CANCEL_APPOINTMENT,ar_gulf,template
hi ابي الغي موعدي في أقرب وقت ??,CANCEL_APPOINTMENT,ar_gulf,template
hi ابي الغي موعدي في أقرب وقت asap,CANCEL_APPOINTMENT,ar_gulf,template
ابي الغي موعدي هذا الأسبوع,CANCEL_APPOINTMENT,ar_gulf,template
ابي الغي موعدي هذا الأسبوع please,CANCEL_APPOINTMENT,ar_gulf,template
ابي الغي موعدي هذا الأسبوع pls,CANCEL_APPOINTMENT,ar_gulf,template
ابي الغي موعدي هذا الأسبوع ??,CANCEL_APPOINTMENT,ar_gulf,template
ابي الغي موعدي هذا الأسبوع asap,CANCEL_APPOINTMENT,ar_gulf,template
pls ابي الغي موعدي هذا الأسبوع,CANCEL_APPOINTMENT,ar_gulf,template
pls ابي الغي موعدي هذا الأسبوع please,CANCEL_APPOINTMENT,ar_gulf,template
pls ابي الغي موعدي هذا الأسبوع pls,CANCEL_APPOINTMENT,ar_gulf,template
pls ابي الغي موعدي هذا الأسبوع ??,CANCEL_APPOINTMENT,ar_gulf,template
pls ابي الغي موعدي هذا الأسبوع asap,CANCEL_APPOINTMENT,ar_gulf,template
plz ابي الغي موعدي هذا الأسبوع,CANCEL_APPOINTMENT,ar_gulf,template
plz ابي الغي موعدي هذا الأسبوع please,CANCEL_APPOINTMENT,ar_gulf,template
plz ابي الغي موعدي هذا الأسبوع pls,CANCEL_APPOINTMENT,ar_gulf,template
plz ابي الغي موعدي هذا الأسبوع ??,CANCEL_APPOINTMENT,ar_gulf,template
plz ابي الغي موعدي هذا الأسبوع asap,CANCEL_APPOINTMENT,ar_gulf,template
hello ابي الغي موعدي هذا الأسبوع,CANCEL_APPOINTMENT,ar_gulf,template
hello ابي الغي موعدي هذا الأسبوع please,CANCEL_APPOINTMENT,ar_gulf,template
hello ابي الغي موعدي هذا الأسبوع pls,CANCEL_APPOINTMENT,ar_gulf,template
hello ابي الغي موعدي هذا الأسبوع ??,CANCEL_APPOINTMENT,ar_gulf,template
hello ابي الغي موعدي هذا الأسبوع asap,CANCEL_APPOINTMENT,ar_gulf,template
hi ابي الغي موعدي هذا الأسبوع,CANCEL_APPOINTMENT,ar_gulf,template
hi ابي الغي موعدي هذا الأسبوع please,CANCEL_APPOINTMENT,ar_gulf,template
hi ابي الغي موعدي هذا الأسبوع pls,CANCEL_APPOINTMENT,ar_gulf,template
hi ابي الغي موعدي هذا الأسبوع ??,CANCEL_APPOINTMENT,ar_gulf,template
hi ابي الغي موعدي هذا الأسبوع asap,CANCEL_APPOINTMENT,ar_gulf,template
ابي الغي موعدي بعد العصر,CANCEL_APPOINTMENT,ar_gulf,template
ابي الغي موعدي بعد العصر please,CANCEL_APPOINTMENT,ar_gulf,template
ابي الغي موعدي بعد العصر pls,CANCEL_APPOINTMENT,ar_gulf,template
ابي الغي موعدي بعد العصر ??,CANCEL_APPOINTMENT,ar_gulf,template
ابي الغي موعدي بعد العصر asap,CANCEL_APPOINTMENT,ar_gulf,template
pls ابي الغي موعدي بعد العصر,CANCEL_APPOINTMENT,ar_gulf,template
pls ابي الغي موعدي بعد العصر please,CANCEL_APPOINTMENT,ar_gulf,template
pls ابي الغي موعدي بعد العصر pls,CANCEL_APPOINTMENT,ar_gulf,template
pls ابي الغي موعدي بعد العصر ??,CANCEL_APPOINTMENT,ar_gulf,template
pls ابي الغي موعدي بعد العصر asap,CANCEL_APPOINTMENT,ar_gulf,template
plz ابي الغي موعدي بعد العصر,CANCEL_APPOINTMENT,ar_gulf,template
plz ابي الغي موعدي بعد العصر please,CANCEL_APPOINTMENT,ar_gulf,template
plz ابي الغي موعدي بعد العصر pls,CANCEL_APPOINTMENT,ar_gulf,template
plz ابي الغي موعدي بعد العصر ??,CANCEL_APPOINTMENT,ar_gulf,template
plz ابي الغي موعدي بعد العصر asap,CANCEL_APPOINTMENT,ar_gulf,template
hello ابي الغي موعدي بعد العصر,CANCEL_APPOINTMENT,ar_gulf,template
hello ابي الغي موعدي بعد العصر please,CANCEL_APPOINTMENT,ar_gulf,template
hello ابي الغي موعدي بعد العصر pls,CANCEL_APPOINTMENT,ar_gulf,template
hello ابي الغي موعدي بعد العصر ??,CANCEL_APPOINTMENT,ar_gulf,template
hello ابي الغي موعدي بعد العصر asap,CANCEL_APPOINTMENT,ar_gulf,template
hi ابي الغي موعدي بعد العصر,CANCEL_APPOINTMENT,ar_gulf,template
hi ابي الغي موعدي بعد العصر please,CANCEL_APPOINTMENT,ar_gulf,template
hi ابي الغي موعدي بعد العصر pls,CANCEL_APPOINTMENT,ar_gulf,template
hi ابي الغي موعدي بعد العصر ??,CANCEL_APPOINTMENT,ar_gulf,template
hi ابي الغي موعدي بعد العصر asap,CANCEL_APPOINTMENT,ar_gulf,template
ابي الغي موعدي الصباح,CANCEL_APPOINTMENT,ar_gulf,template
ابي الغي موعدي الصباح please,CANCEL_APPOINTMENT,ar_gulf,template
ابي الغي موعدي الصباح pls,CANCEL_APPOINTMENT,ar_gulf,template
ابي الغي موعدي الصباح ??,CANCEL_APPOINTMENT,ar_gulf,template
ابي الغي موعدي الصباح asap,CANCEL_APPOINTMENT,ar_gulf,template
pls ابي الغي موعدي الصباح,CANCEL_APPOINTMENT,ar_gulf,template
pls ابي الغي موعدي الصباح please,CANCEL_APPOINTMENT,ar_gulf,template
pls ابي الغي موعدي الصباح pls,CANCEL_APPOINTMENT,ar_gulf,template
pls ابي الغي موعدي الصباح ??,CANCEL_APPOINTMENT,ar_gulf,template
pls ابي الغي موعدي الصباح asap,CANCEL_APPOINTMENT,ar_gulf,template
plz ابي الغي موعدي الصباح,CANCEL_APPOINTMENT,ar_gulf,template
plz ابي الغي موعدي الصباح please,CANCEL_APPOINTMENT,ar_gulf,template
plz ابي الغي موعدي الصباح pls,CANCEL_APPOINTMENT,ar_gulf,template
plz ابي الغي موعدي الصباح ??,CANCEL_APPOINTMENT,ar_gulf,template
plz ابي الغي موعدي الصباح asap,CANCEL_APPOINTMENT,ar_gulf,template
hello ابي الغي موعدي الصباح,CANCEL_APPOINTMENT,ar_gulf,template
hello ابي الغي موعدي الصباح please,CANCEL_APPOINTMENT,ar_gulf,template
hello ابي الغي موعدي الصباح pls,CANCEL_APPOINTMENT,ar_gulf,template
hello ابي الغي موعدي الصباح ??,CANCEL_APPOINTMENT,ar_gulf,template
hello ابي الغي موعدي الصباح asap,CANCEL_APPOINTMENT,ar_gulf,template
hi ابي الغي موعدي الصباح,CANCEL_APPOINTMENT,ar_gulf,template
hi ابي الغي موعدي الصباح please,CANCEL_APPOINTMENT,ar_gulf,template
hi ابي الغي موعدي الصباح pls,CANCEL_APPOINTMENT,ar_gulf,template
hi ابي الغي موعدي الصباح ??,CANCEL_APPOINTMENT,ar_gulf,template
hi ابي الغي موعدي الصباح asap,CANCEL_APPOINTMENT,ar_gulf,template
ما اقدر اجي كنسل الموعد,CANCEL_APPOINTMENT,ar_gulf,template
ما اقدر اجي كنسل الموعد please,CANCEL_APPOINTMENT,ar_gulf,template
ما اقدر اجي كنسل الموعد pls,CANCEL_APPOINTMENT,ar_gulf,template
ما اقدر اجي كنسل الموعد ??,CANCEL_APPOINTMENT,ar_gulf,template
ما اقدر اجي كنسل الموعد asap,CANCEL_APPOINTMENT,ar_gulf,template
pls ما اقدر اجي كنسل الموعد,CANCEL_APPOINTMENT,ar_gulf,template
pls ما اقدر اجي كنسل الموعد please,CANCEL_APPOINTMENT,ar_gulf,template
pls ما اقدر اجي كنسل الموعد pls,CANCEL_APPOINTMENT,ar_gulf,template
pls ما اقدر اجي كنسل الموعد ??,CANCEL_APPOINTMENT,ar_gulf,template
pls ما اقدر اجي كنسل الموعد asap,CANCEL_APPOINTMENT,ar_gulf,template
plz ما اقدر اجي كنسل الموعد,CANCEL_APPOINTMENT,ar_gulf,template
plz ما اقدر اجي كنسل الموعد please,CANCEL_APPOINTMENT,ar_gulf,template
plz ما اقدر اجي كنسل الموعد pls,CANCEL_APPOINTMENT,ar_gulf,template
plz ما اقدر اجي كنسل الموعد ??,CANCEL_APPOINTMENT,ar_gulf,template
plz ما اقدر اجي كنسل الموعد asap,CANCEL_APPOINTMENT,ar_gulf,template
hello ما اقدر اجي كنسل الموعد,CANCEL_APPOINTMENT,ar_gulf,template
hello ما اقدر اجي كنسل الموعد please,CANCEL_APPOINTMENT,ar_gulf,template
hello ما اقدر اجي كنسل الموعد pls,CANCEL_APPOINTMENT,ar_gulf,template
hello ما اقدر اجي كنسل الموعد ??,CANCEL_APPOINTMENT,ar_gulf,template
hello ما اقدر اجي كنسل الموعد asap,CANCEL_APPOINTMENT,ar_gulf,template
hi ما اقدر اجي كنسل الموعد,CANCEL_APPOINTMENT,ar_gulf,template
hi ما اقدر اجي كنسل الموعد please,CANCEL_APPOINTMENT,ar_gulf,template
hi ما اقدر اجي كنسل الموعد pls,CANCEL_APPOINTMENT,ar_gulf,template
hi ما اقدر اجي كنسل الموعد ??,CANCEL_APPOINTMENT,ar_gulf,template
hi ما اقدر اجي كنسل الموعد asap,CANCEL_APPOINTMENT,ar_gulf,template
reschedule my appointment to today,RESCHEDULE_APPOINTMENT,en,template
reschedule my appointment to today please,RESCHEDULE_APPOINTMENT,en,template
reschedule my appointment to today pls,RESCHEDULE_APPOINTMENT,en,template
reschedule my appointment to today ??,RESCHEDULE_APPOINTMENT,en,template
reschedule my appointment to today asap,RESCHEDULE_APPOINTMENT,en,template
pls reschedule my appointment to today,RESCHEDULE_APPOINTMENT,en,template
pls reschedule my appointment to today please,RESCHEDULE_APPOINTMENT,en,template
pls reschedule my appointment to today pls,RESCHEDULE_APPOINTMENT,en,template
pls reschedule my appointment to today ??,RESCHEDULE_APPOINTMENT,en,template
pls reschedule my appointment to today asap,RESCHEDULE_APPOINTMENT,en,template
plz reschedule my appointment to today,RESCHEDULE_APPOINTMENT,en,template
plz reschedule my appointment to today please,RESCHEDULE_APPOINTMENT,en,template
plz reschedule my appointment to today pls,RESCHEDULE_APPOINTMENT,en,template
plz reschedule my appointment to today ??,RESCHEDULE_APPOINTMENT,en,template
plz reschedule my appointment to today asap,RESCHEDULE_APPOINTMENT,en,template
hello reschedule my appointment to today,RESCHEDULE_APPOINTMENT,en,template
hello reschedule my appointment to today please,RESCHEDULE_APPOINTMENT,en,template
hello reschedule my appointment to today pls,RESCHEDULE_APPOINTMENT,en,template
hello reschedule my appointment to today ??,RESCHEDULE_APPOINTMENT,en,template
hello reschedule my appointment to today asap,RESCHEDULE_APPOINTMENT,en,template
hi reschedule my appointment to today,RESCHEDULE_APPOINTMENT,en,template
hi reschedule my appointment to today please,RESCHEDULE_APPOINTMENT,en,template
hi reschedule my appointment to today pls,RESCHEDULE_APPOINTMENT,en,template
hi reschedule my appointment to today ??,RESCHEDULE_APPOINTMENT,en,template
hi reschedule my appointment to today asap,RESCHEDULE_APPOINTMENT,en,template
reschedule my appointment to tomorrow,RESCHEDULE_APPOINTMENT,en,template
reschedule my appointment to tomorrow please,RESCHEDULE_APPOINTMENT,en,template
reschedule my appointment to tomorrow pls,RESCHEDULE_APPOINTMENT,en,template
reschedule my appointment to tomorrow ??,RESCHEDULE_APPOINTMENT,en,template
reschedule my appointment to tomorrow asap,RESCHEDULE_APPOINTMENT,en,template
pls reschedule my appointment to tomorrow,RESCHEDULE_APPOINTMENT,en,template
pls reschedule my appointment to tomorrow please,RESCHEDULE_APPOINTMENT,en,template
pls reschedule my appointment to tomorrow pls,RESCHEDULE_APPOINTMENT,en,template
pls reschedule my appointment to tomorrow ??,RESCHEDULE_APPOINTMENT,en,template
pls reschedule my appointment to tomorrow asap,RESCHEDULE_APPOINTMENT,en,template
plz reschedule my appointment to tomorrow,RESCHEDULE_APPOINTMENT,en,template
plz reschedule my appointment to tomorrow please,RESCHEDULE_APPOINTMENT,en,template
plz reschedule my appointment to tomorrow pls,RESCHEDULE_APPOINTMENT,en,template
plz reschedule my appointment to tomorrow ??,RESCHEDULE_APPOINTMENT,en,template
plz reschedule my appointment to tomorrow asap,RESCHEDULE_APPOINTMENT,en,template
hello reschedule my appointment to tomorrow,RESCHEDULE_APPOINTMENT,en,template
hello reschedule my appointment to tomorrow please,RESCHEDULE_APPOINTMENT,en,template
hello reschedule my appointment to tomorrow pls,RESCHEDULE_APPOINTMENT,en,template
hello reschedule my appointment to tomorrow ??,RESCHEDULE_APPOINTMENT,en,template
hello reschedule my appointment to tomorrow asap,RESCHEDULE_APPOINTMENT,en,template
hi reschedule my appointment to tomorrow,RESCHEDULE_APPOINTMENT,en,template
hi reschedule my appointment to tomorrow please,RESCHEDULE_APPOINTMENT,en,template
hi reschedule my appointment to tomorrow pls,RESCHEDULE_APPOINTMENT,en,template
hi reschedule my appointment to tomorrow ??,RESCHEDULE_APPOINTMENT,en,template
hi reschedule my appointment to tomorrow asap,RESCHEDULE_APPOINTMENT,en,template
reschedule my appointment to asap,RESCHEDULE_APPOINTMENT,en,template
reschedule my appointment to asap please,RESCHEDULE_APPOINTMENT,en,template
reschedule my appointment to asap pls,RESCHEDULE_APPOINTMENT,en,template
reschedule my appointment to asap ??,RESCHEDULE_APPOINTMENT,en,template
reschedule my appointment to asap asap,RESCHEDULE_APPOINTMENT,en,template
pls reschedule my appointment to asap,RESCHEDULE_APPOINTMENT,en,template
pls reschedule my appointment to asap please,RESCHEDULE_APPOINTMENT,en,template
pls reschedule my appointment to asap pls,RESCHEDULE_APPOINTMENT,en,template
pls reschedule my appointment to asap ??,RESCHEDULE_APPOINTMENT,en,template
pls reschedule my appointment to asap asap,RESCHEDULE_APPOINTMENT,en,template
plz reschedule my appointment to asap,RESCHEDULE_APPOINTMENT,en,template
plz reschedule my appointment to asap please,RESCHEDULE_APPOINTMENT,en,template
plz reschedule my appointment to asap pls,RESCHEDULE_APPOINTMENT,en,template
plz reschedule my appointment to asap ??,RESCHEDULE_APPOINTMENT,en,template
plz reschedule my appointment to asap asap,RESCHEDULE_APPOINTMENT,en,template
hello reschedule my appointment to asap,RESCHEDULE_APPOINTMENT,en,template
hello reschedule my appointment to asap please,RESCHEDULE_APPOINTMENT,en,template
hello reschedule my appointment to asap pls,RESCHEDULE_APPOINTMENT,en,template
hello reschedule my appointment to asap ??,RESCHEDULE_APPOINTMENT,en,template
hello reschedule my appointment to asap asap,RESCHEDULE_APPOINTMENT,en,template
hi reschedule my appointment to asap,RESCHEDULE_APPOINTMENT,en,template
hi reschedule my appointment to asap please,RESCHEDULE_APPOINTMENT,en,template
hi reschedule my appointment to asap pls,RESCHEDULE_APPOINTMENT,en,template
hi reschedule my appointment to asap ??,RESCHEDULE_APPOINTMENT,en,template
hi reschedule my appointment to asap asap,RESCHEDULE_APPOINTMENT,en,template
reschedule my appointment to this week,RESCHEDULE_APPOINTMENT,en,template
reschedule my appointment to this week please,RESCHEDULE_APPOINTMENT,en,template
reschedule my appointment to this week pls,RESCHEDULE_APPOINTMENT,en,template
reschedule my appointment to this week ??,RESCHEDULE_APPOINTMENT,en,template
reschedule my appointment to this week asap,RESCHEDULE_APPOINTMENT,en,template
pls reschedule my appointment to this week,RESCHEDULE_APPOINTMENT,en,template
pls reschedule my appointment to this week please,RESCHEDULE_APPOINTMENT,en,template
pls reschedule my appointment to this week pls,RESCHEDULE_APPOINTMENT,en,template
pls reschedule my appointment to this week ??,RESCHEDULE_APPOINTMENT,en,template
pls reschedule my appointment to this week asap,RESCHEDULE_APPOINTMENT,en,template
plz reschedule my appointment to this week,RESCHEDULE_APPOINTMENT,en,template
plz reschedule my appointment to this week please,RESCHEDULE_APPOINTMENT,en,template
plz reschedule my appointment to this week pls,RESCHEDULE_APPOINTMENT,en,template
plz reschedule my appointment to this week ??,RESCHEDULE_APPOINTMENT,en,template
plz reschedule my appointment to this week asap,RESCHEDULE_APPOINTMENT,en,template
hello reschedule my appointment to this week,RESCHEDULE_APPOINTMENT,en,template
hello reschedule my appointment to this week please,RESCHEDULE_APPOINTMENT,en,template
hello reschedule my appointment to this week pls,RESCHEDULE_APPOINTMENT,en,template
hello reschedule my appointment to this week ??,RESCHEDULE_APPOINTMENT,en,template
hello reschedule my appointment to this week asap,RESCHEDULE_APPOINTMENT,en,template
hi reschedule my appointment to this week,RESCHEDULE_APPOINTMENT,en,template
hi reschedule my appointment to this week please,RESCHEDULE_APPOINTMENT,en,template
hi reschedule my appointment to this week pls,RESCHEDULE_APPOINTMENT,en,template
hi reschedule my appointment to this week ??,RESCHEDULE_APPOINTMENT,en,template
hi reschedule my appointment to this week asap,RESCHEDULE_APPOINTMENT,en,template
reschedule my appointment to after 5pm,RESCHEDULE_APPOINTMENT,en,template
reschedule my appointment to after 5pm please,RESCHEDULE_APPOINTMENT,en,template
reschedule my appointment to after 5pm pls,RESCHEDULE_APPOINTMENT,en,template
reschedule my appointment to after 5pm ??,RESCHEDULE_APPOINTMENT,en,template
reschedule my appointment to after 5pm asap,RESCHEDULE_APPOINTMENT,en,template
pls reschedule my appointment to after 5pm,RESCHEDULE_APPOINTMENT,en,template
pls reschedule my appointment to after 5pm please,RESCHEDULE_APPOINTMENT,en,template
pls reschedule my appointment to after 5pm pls,RESCHEDULE_APPOINTMENT,en,template
pls reschedule my appointment to after 5pm ??,RESCHEDULE_APPOINTMENT,en,template
pls reschedule my appointment to after 5pm asap,RESCHEDULE_APPOINTMENT,en,template
plz reschedule my appointment to after 5pm,RESCHEDULE_APPOINTMENT,en,template
plz reschedule my appointment to after 5pm please,RESCHEDULE_APPOINTMENT,en,template
plz reschedule my appointment to after 5pm pls,RESCHEDULE_APPOINTMENT,en,template
plz reschedule my appointment to after 5pm ??,RESCHEDULE_APPOINTMENT,en,template
plz reschedule my appointment to after 5pm asap,RESCHEDULE_APPOINTMENT,en,template
hello reschedule my appointment to after 5pm,RESCHEDULE_APPOINTMENT,en,template
hello reschedule my appointment to after 5pm please,RESCHEDULE_APPOINTMENT,en,template
hello reschedule my appointment to after 5pm pls,RESCHEDULE_APPOINTMENT,en,template
hello reschedule my appointment to after 5pm ??,RESCHEDULE_APPOINTMENT,en,template
hello reschedule my appointment to after 5pm asap,RESCHEDULE_APPOINTMENT,en,template
hi reschedule my appointment to after 5pm,RESCHEDULE_APPOINTMENT,en,template
hi reschedule my appointment to after 5pm please,RESCHEDULE_APPOINTMENT,en,template
hi reschedule my appointment to after 5pm pls,RESCHEDULE_APPOINTMENT,en,template
hi reschedule my appointment to after 5pm ??,RESCHEDULE_APPOINTMENT,en,template
hi reschedule my appointment to after 5pm asap,RESCHEDULE_APPOINTMENT,en,template
reschedule my appointment to morning,RESCHEDULE_APPOINTMENT,en,template
reschedule my appointment to morning please,RESCHEDULE_APPOINTMENT,en,template
reschedule my appointment to morning pls,RESCHEDULE_APPOINTMENT,en,template
reschedule my appointment to morning ??,RESCHEDULE_APPOINTMENT,en,template
reschedule my appointment to morning asap,RESCHEDULE_APPOINTMENT,en,template
pls reschedule my appointment to morning,RESCHEDULE_APPOINTMENT,en,template
pls reschedule my appointment to morning please,RESCHEDULE_APPOINTMENT,en,template
pls reschedule my appointment to morning pls,RESCHEDULE_APPOINTMENT,en,template
pls reschedule my appointment to morning ??,RESCHEDULE_APPOINTMENT,en,template
pls reschedule my appointment to morning asap,RESCHEDULE_APPOINTMENT,en,template
plz reschedule my appointment to morning,RESCHEDULE_APPOINTMENT,en,template
plz reschedule my appointment to morning please,RESCHEDULE_APPOINTMENT,en,template
plz reschedule my appointment to morning pls,RESCHEDULE_APPOINTMENT,en,template
plz reschedule my appointment to morning ??,RESCHEDULE_APPOINTMENT,en,template
plz reschedule my appointment to morning asap,RESCHEDULE_APPOINTMENT,en,template
hello reschedule my appointment to morning,RESCHEDULE_APPOINTMENT,en,template
hello reschedule my appointment to morning please,RESCHEDULE_APPOINTMENT,en,template
hello reschedule my appointment to morning pls,RESCHEDULE_APPOINTMENT,en,template
hello reschedule my appointment to morning ??,RESCHEDULE_APPOINTMENT,en,template
hello reschedule my appointment to morning asap,RESCHEDULE_APPOINTMENT,en,template
hi reschedule my appointment to morning,RESCHEDULE_APPOINTMENT,en,template
hi reschedule my appointment to morning please,RESCHEDULE_APPOINTMENT,en,template
hi reschedule my appointment to morning pls,RESCHEDULE_APPOINTMENT,en,template
hi reschedule my appointment to morning ??,RESCHEDULE_APPOINTMENT,en,template
hi reschedule my appointment to morning asap,RESCHEDULE_APPOINTMENT,en,template
can i change my appointment time,RESCHEDULE_APPOINTMENT,en,template
can i change my appointment time please,RESCHEDULE_APPOINTMENT,en,template
can i change my appointment time pls,RESCHEDULE_APPOINTMENT,en,template
can i change my appointment time ??,RESCHEDULE_APPOINTMENT,en,template
can i change my appointment time asap,RESCHEDULE_APPOINTMENT,en,template
pls can i change my appointment time,RESCHEDULE_APPOINTMENT,en,template
pls can i change my appointment time please,RESCHEDULE_APPOINTMENT,en,template
pls can i change my appointment time pls,RESCHEDULE_APPOINTMENT,en,template
pls can i change my appointment time ??,RESCHEDULE_APPOINTMENT,en,template
pls can i change my appointment time asap,RESCHEDULE_APPOINTMENT,en,template
plz can i change my appointment time,RESCHEDULE_APPOINTMENT,en,template
plz can i change my appointment time please,RESCHEDULE_APPOINTMENT,en,template
plz can i change my appointment time pls,RESCHEDULE_APPOINTMENT,en,template
plz can i change my appointment time ??,RESCHEDULE_APPOINTMENT,en,template
plz can i change my appointment time asap,RESCHEDULE_APPOINTMENT,en,template
hello can i change my appointment time,RESCHEDULE_APPOINTMENT,en,template
hello can i change my appointment time please,RESCHEDULE_APPOINTMENT,en,template
hello can i change my appointment time pls,RESCHEDULE_APPOINTMENT,en,template
hello can i change my appointment time ??,RESCHEDULE_APPOINTMENT,en,template
hello can i change my appointment time asap,RESCHEDULE_APPOINTMENT,en,template
hi can i change my appointment time,RESCHEDULE_APPOINTMENT,en,template
hi can i change my appointment time please,RESCHEDULE_APPOINTMENT,en,template
hi can i change my appointment time pls,RESCHEDULE_APPOINTMENT,en,template
hi can i change my appointment time ??,RESCHEDULE_APPOINTMENT,en,template
hi can i change my appointment time asap,RESCHEDULE_APPOINTMENT,en,template
move my booking to another day,RESCHEDULE_APPOINTMENT,en,template
move my booking to another day please,RESCHEDULE_APPOINTMENT,en,template
move my booking to another day pls,RESCHEDULE_APPOINTMENT,en,template
move my booking to another day ??,RESCHEDULE_APPOINTMENT,en,template
move my booking to another day asap,RESCHEDULE_APPOINTMENT,en,template
pls move my booking to another day,RESCHEDULE_APPOINTMENT,en,template
pls move my booking to another day please,RESCHEDULE_APPOINTMENT,en,template
pls move my booking to another day pls,RESCHEDULE_APPOINTMENT,en,template
pls move my booking to another day ??,RESCHEDULE_APPOINTMENT,en,template
pls move my booking to another day asap,RESCHEDULE_APPOINTMENT,en,template
plz move my booking to another day,RESCHEDULE_APPOINTMENT,en,template
plz move my booking to another day please,RESCHEDULE_APPOINTMENT,en,template
plz move my booking to another day pls,RESCHEDULE_APPOINTMENT,en,template
plz move my booking to another day ??,RESCHEDULE_APPOINTMENT,en,template
plz move my booking to another day asap,RESCHEDULE_APPOINTMENT,en,template
hello move my booking to another day,RESCHEDULE_APPOINTMENT,en,template
hello move my booking to another day please,RESCHEDULE_APPOINTMENT,en,template
hello move my booking to another day pls,RESCHEDULE_APPOINTMENT,en,template
hello move my booking to another day ??,RESCHEDULE_APPOINTMENT,en,template
hello move my booking to another day asap,RESCHEDULE_APPOINTMENT,en,template
hi move my booking to another day,RESCHEDULE_APPOINTMENT,en,template
hi move my booking to another day please,RESCHEDULE_APPOINTMENT,en,template
hi move my booking to another day pls,RESCHEDULE_APPOINTMENT,en,template
hi move my booking to another day ??,RESCHEDULE_APPOINTMENT,en,template
hi move my booking to another day asap,RESCHEDULE_APPOINTMENT,en,template
i want a different appointment time,RESCHEDULE_APPOINTMENT,en,template
i want a different appointment time please,RESCHEDULE_APPOINTMENT,en,template
i want a different appointment time pls,RESCHEDULE_APPOINTMENT,en,template
i want a different appointment time ??,RESCHEDULE_APPOINTMENT,en,template
i want a different appointment time asap,RESCHEDULE_APPOINTMENT,en,template
pls i want a different appointment time,RESCHEDULE_APPOINTMENT,en,template
pls i want a different appointment time please,RESCHEDULE_APPOINTMENT,en,template
pls i want a different appointment time pls,RESCHEDULE_APPOINTMENT,en,template
pls i want a different appointment time ??,RESCHEDULE_APPOINTMENT,en,template
pls i want a different appointment time asap,RESCHEDULE_APPOINTMENT,en,template
plz i want a different appointment time,RESCHEDULE_APPOINTMENT,en,template
plz i want a different appointment time please,RESCHEDULE_APPOINTMENT,en,template
plz i want a different appointment time pls,RESCHEDULE_APPOINTMENT,en,template
plz i want a different appointment time ??,RESCHEDULE_APPOINTMENT,en,template
plz i want a different appointment time asap,RESCHEDULE_APPOINTMENT,en,template
hello i want a different appointment time,RESCHEDULE_APPOINTMENT,en,template
hello i want a different appointment time please,RESCHEDULE_APPOINTMENT,en,template
hello i want a different appointment time pls,RESCHEDULE_APPOINTMENT,en,template
hello i want a different appointment time ??,RESCHEDULE_APPOINTMENT,en,template
hello i want a different appointment time asap,RESCHEDULE_APPOINTMENT,en,template
hi i want a different appointment time,RESCHEDULE_APPOINTMENT,en,template
hi i want a different appointment time please,RESCHEDULE_APPOINTMENT,en,template
hi i want a different appointment time pls,RESCHEDULE_APPOINTMENT,en,template
hi i want a different appointment time ??,RESCHEDULE_APPOINTMENT,en,template
hi i want a different appointment time asap,RESCHEDULE_APPOINTMENT,en,template
can i come today instead,RESCHEDULE_APPOINTMENT,en,template
can i come today instead please,RESCHEDULE_APPOINTMENT,en,template
can i come today instead pls,RESCHEDULE_APPOINTMENT,en,template
can i come today instead ??,RESCHEDULE_APPOINTMENT,en,template
can i come today instead asap,RESCHEDULE_APPOINTMENT,en,template
pls can i come today instead,RESCHEDULE_APPOINTMENT,en,template
pls can i come today instead please,RESCHEDULE_APPOINTMENT,en,template
pls can i come today instead pls,RESCHEDULE_APPOINTMENT,en,template
pls can i come today instead ??,RESCHEDULE_APPOINTMENT,en,template
pls can i come today instead asap,RESCHEDULE_APPOINTMENT,en,template
plz can i come today instead,RESCHEDULE_APPOINTMENT,en,template
plz can i come today instead please,RESCHEDULE_APPOINTMENT,en,template
plz can i come today instead pls,RESCHEDULE_APPOINTMENT,en,template
plz can i come today instead ??,RESCHEDULE_APPOINTMENT,en,template
plz can i come today instead asap,RESCHEDULE_APPOINTMENT,en,template
hello can i come today instead,RESCHEDULE_APPOINTMENT,en,template
hello can i come today instead please,RESCHEDULE_APPOINTMENT,en,template
hello can i come today instead pls,RESCHEDULE_APPOINTMENT,en,template
hello can i come today instead ??,RESCHEDULE_APPOINTMENT,en,template
hello can i come today instead asap,RESCHEDULE_APPOINTMENT,en,template
hi can i come today instead,RESCHEDULE_APPOINTMENT,en,template
hi can i come today instead please,RESCHEDULE_APPOINTMENT,en,template
hi can i come today instead pls,RESCHEDULE_APPOINTMENT,en,template
hi can i come today instead ??,RESCHEDULE_APPOINTMENT,en,template
hi can i come today instead asap,RESCHEDULE_APPOINTMENT,en,template
can i come tomorrow instead please,RESCHEDULE_APPOINTMENT,en,template
can i come tomorrow instead pls,RESCHEDULE_APPOINTMENT,en,template
can i come tomorrow instead ??,RESCHEDULE_APPOINTMENT,en,template
can i come tomorrow instead asap,RESCHEDULE_APPOINTMENT,en,template
pls can i come tomorrow instead,RESCHEDULE_APPOINTMENT,en,template
pls can i come tomorrow instead please,RESCHEDULE_APPOINTMENT,en,template
pls can i come tomorrow instead pls,RESCHEDULE_APPOINTMENT,en,template
pls can i come tomorrow instead ??,RESCHEDULE_APPOINTMENT,en,template
pls can i come tomorrow instead asap,RESCHEDULE_APPOINTMENT,en,template
plz can i come tomorrow instead,RESCHEDULE_APPOINTMENT,en,template
plz can i come tomorrow instead please,RESCHEDULE_APPOINTMENT,en,template
plz can i come tomorrow instead pls,RESCHEDULE_APPOINTMENT,en,template
plz can i come tomorrow instead ??,RESCHEDULE_APPOINTMENT,en,template
plz can i come tomorrow instead asap,RESCHEDULE_APPOINTMENT,en,template
hello can i come tomorrow instead,RESCHEDULE_APPOINTMENT,en,template
hello can i come tomorrow instead please,RESCHEDULE_APPOINTMENT,en,template
hello can i come tomorrow instead pls,RESCHEDULE_APPOINTMENT,en,template
hello can i come tomorrow instead ??,RESCHEDULE_APPOINTMENT,en,template
hello can i come tomorrow instead asap,RESCHEDULE_APPOINTMENT,en,template
hi can i come tomorrow instead,RESCHEDULE_APPOINTMENT,en,template
hi can i come tomorrow instead please,RESCHEDULE_APPOINTMENT,en,template
hi can i come tomorrow instead pls,RESCHEDULE_APPOINTMENT,en,template
hi can i come tomorrow instead ??,RESCHEDULE_APPOINTMENT,en,template
hi can i come tomorrow instead asap,RESCHEDULE_APPOINTMENT,en,template
can i come asap instead,RESCHEDULE_APPOINTMENT,en,template
can i come asap instead please,RESCHEDULE_APPOINTMENT,en,template
can i come asap instead pls,RESCHEDULE_APPOINTMENT,en,template
can i come asap instead ??,RESCHEDULE_APPOINTMENT,en,template
can i come asap instead asap,RESCHEDULE_APPOINTMENT,en,template
pls can i come asap instead,RESCHEDULE_APPOINTMENT,en,template
pls can i come asap instead please,RESCHEDULE_APPOINTMENT,en,template
pls can i come asap instead pls,RESCHEDULE_APPOINTMENT,en,template
pls can i come asap instead ??,RESCHEDULE_APPOINTMENT,en,template
pls can i come asap instead asap,RESCHEDULE_APPOINTMENT,en,template
plz can i come asap instead,RESCHEDULE_APPOINTMENT,en,template
plz can i come asap instead please,RESCHEDULE_APPOINTMENT,en,template
plz can i come asap instead pls,RESCHEDULE_APPOINTMENT,en,template
plz can i come asap instead ??,RESCHEDULE_APPOINTMENT,en,template
plz can i come asap instead asap,RESCHEDULE_APPOINTMENT,en,template
hello can i come asap instead,RESCHEDULE_APPOINTMENT,en,template
hello can i come asap instead please,RESCHEDULE_APPOINTMENT,en,template
hello can i come asap instead pls,RESCHEDULE_APPOINTMENT,en,template
hello can i come asap instead ??,RESCHEDULE_APPOINTMENT,en,template
hello can i come asap instead asap,RESCHEDULE_APPOINTMENT,en,template
hi can i come asap instead,RESCHEDULE_APPOINTMENT,en,template
hi can i come asap instead please,RESCHEDULE_APPOINTMENT,en,template
hi can i come asap instead pls,RESCHEDULE_APPOINTMENT,en,template
hi can i come asap instead ??,RESCHEDULE_APPOINTMENT,en,template
hi can i come asap instead asap,RESCHEDULE_APPOINTMENT,en,template
can i come this week instead,RESCHEDULE_APPOINTMENT,en,template
can i come this week instead please,RESCHEDULE_APPOINTMENT,en,template
can i come this week instead pls,RESCHEDULE_APPOINTMENT,en,template
can i come this week instead ??,RESCHEDULE_APPOINTMENT,en,template
can i come this week instead asap,RESCHEDULE_APPOINTMENT,en,template
pls can i come this week instead,RESCHEDULE_APPOINTMENT,en,template
pls can i come this week instead please,RESCHEDULE_APPOINTMENT,en,template
pls can i come this week instead pls,RESCHEDULE_APPOINTMENT,en,template
pls can i come this week instead ??,RESCHEDULE_APPOINTMENT,en,template
pls can i come this week instead asap,RESCHEDULE_APPOINTMENT,en,template
plz can i come this week instead,RESCHEDULE_APPOINTMENT,en,template
plz can i come this week instead please,RESCHEDULE_APPOINTMENT,en,template
plz can i come this week instead pls,RESCHEDULE_APPOINTMENT,en,template
plz can i come this week instead ??,RESCHEDULE_APPOINTMENT,en,template
plz can i come this week instead asap,RESCHEDULE_APPOINTMENT,en,template
hello can i come this week instead,RESCHEDULE_APPOINTMENT,en,template
hello can i come this week instead please,RESCHEDULE_APPOINTMENT,en,template
hello can i come this week instead pls,RESCHEDULE_APPOINTMENT,en,template
hello can i come this week instead ??,RESCHEDULE_APPOINTMENT,en,template
hello can i come this week instead asap,RESCHEDULE_APPOINTMENT,en,template
hi can i come this week instead,RESCHEDULE_APPOINTMENT,en,template
hi can i come this week instead please,RESCHEDULE_APPOINTMENT,en,template
hi can i come this week instead pls,RESCHEDULE_APPOINTMENT,en,template
hi can i come this week instead ??,RESCHEDULE_APPOINTMENT,en,template
hi can i come this week instead asap,RESCHEDULE_APPOINTMENT,en,template
can i come after 5pm instead,RESCHEDULE_APPOINTMENT,en,template
can i come after 5pm instead please,RESCHEDULE_APPOINTMENT,en,template
can i come after 5pm instead pls,RESCHEDULE_APPOINTMENT,en,template
can i come after 5pm instead ??,RESCHEDULE_APPOINTMENT,en,template
can i come after 5pm instead asap,RESCHEDULE_APPOINTMENT,en,template
pls can i come after 5pm instead,RESCHEDULE_APPOINTMENT,en,template
pls can i come after 5pm instead please,RESCHEDULE_APPOINTMENT,en,template
pls can i come after 5pm instead pls,RESCHEDULE_APPOINTMENT,en,template
pls can i come after 5pm instead ??,RESCHEDULE_APPOINTMENT,en,template
pls can i come after 5pm instead asap,RESCHEDULE_APPOINTMENT,en,template
plz can i come after 5pm instead,RESCHEDULE_APPOINTMENT,en,template
plz can i come after 5pm instead please,RESCHEDULE_APPOINTMENT,en,template
plz can i come after 5pm instead pls,RESCHEDULE_APPOINTMENT,en,template
plz can i come after 5pm instead ??,RESCHEDULE_APPOINTMENT,en,template
plz can i come after 5pm instead asap,RESCHEDULE_APPOINTMENT,en,template
hello can i come after 5pm instead,RESCHEDULE_APPOINTMENT,en,template
hello can i come after 5pm instead please,RESCHEDULE_APPOINTMENT,en,template
hello can i come after 5pm instead pls,RESCHEDULE_APPOINTMENT,en,template
hello can i come after 5pm instead ??,RESCHEDULE_APPOINTMENT,en,template
hello can i come after 5pm instead asap,RESCHEDULE_APPOINTMENT,en,template
hi can i come after 5pm instead,RESCHEDULE_APPOINTMENT,en,template
hi can i come after 5pm instead please,RESCHEDULE_APPOINTMENT,en,template
hi can i come after 5pm instead pls,RESCHEDULE_APPOINTMENT,en,template
hi can i come after 5pm instead ??,RESCHEDULE_APPOINTMENT,en,template
hi can i come after 5pm instead asap,RESCHEDULE_APPOINTMENT,en,template
can i come morning instead,RESCHEDULE_APPOINTMENT,en,template
can i come morning instead please,RESCHEDULE_APPOINTMENT,en,template
can i come morning instead pls,RESCHEDULE_APPOINTMENT,en,template
can i come morning instead ??,RESCHEDULE_APPOINTMENT,en,template
can i come morning instead asap,RESCHEDULE_APPOINTMENT,en,template
pls can i come morning instead,RESCHEDULE_APPOINTMENT,en,template
pls can i come morning instead please,RESCHEDULE_APPOINTMENT,en,template
pls can i come morning instead pls,RESCHEDULE_APPOINTMENT,en,template
pls can i come morning instead ??,RESCHEDULE_APPOINTMENT,en,template
pls can i come morning instead asap,RESCHEDULE_APPOINTMENT,en,template
plz can i come morning instead,RESCHEDULE_APPOINTMENT,en,template
plz can i come morning instead please,RESCHEDULE_APPOINTMENT,en,template
plz can i come morning instead pls,RESCHEDULE_APPOINTMENT,en,template
plz can i come morning instead ??,RESCHEDULE_APPOINTMENT,en,template
plz can i come morning instead asap,RESCHEDULE_APPOINTMENT,en,template
hello can i come morning instead,RESCHEDULE_APPOINTMENT,en,template
hello can i come morning instead please,RESCHEDULE_APPOINTMENT,en,template
hello can i come morning instead pls,RESCHEDULE_APPOINTMENT,en,template
hello can i come morning instead ??,RESCHEDULE_APPOINTMENT,en,template
hello can i come morning instead asap,RESCHEDULE_APPOINTMENT,en,template
hi can i come morning instead,RESCHEDULE_APPOINTMENT,en,template
hi can i come morning instead please,RESCHEDULE_APPOINTMENT,en,template
hi can i come morning instead pls,RESCHEDULE_APPOINTMENT,en,template
hi can i come morning instead ??,RESCHEDULE_APPOINTMENT,en,template
hi can i come morning instead asap,RESCHEDULE_APPOINTMENT,en,template
switch my appointment slot,RESCHEDULE_APPOINTMENT,en,template
switch my appointment slot please,RESCHEDULE_APPOINTMENT,en,template
switch my appointment slot pls,RESCHEDULE_APPOINTMENT,en,template
switch my appointment slot ??,RESCHEDULE_APPOINTMENT,en,template
switch my appointment slot asap,RESCHEDULE_APPOINTMENT,en,template
pls switch my appointment slot,RESCHEDULE_APPOINTMENT,en,template
pls switch my appointment slot please,RESCHEDULE_APPOINTMENT,en,template
pls switch my appointment slot pls,RESCHEDULE_APPOINTMENT,en,template
pls switch my appointment slot ??,RESCHEDULE_APPOINTMENT,en,template
pls switch my appointment slot asap,RESCHEDULE_APPOINTMENT,en,template
plz switch my appointment slot,RESCHEDULE_APPOINTMENT,en,template
plz switch my appointment slot please,RESCHEDULE_APPOINTMENT,en,template
plz switch my appointment slot pls,RESCHEDULE_APPOINTMENT,en,template
plz switch my appointment slot ??,RESCHEDULE_APPOINTMENT,en,template
plz switch my appointment slot asap,RESCHEDULE_APPOINTMENT,en,template
hello switch my appointment slot,RESCHEDULE_APPOINTMENT,en,template
hello switch my appointment slot please,RESCHEDULE_APPOINTMENT,en,template
hello switch my appointment slot pls,RESCHEDULE_APPOINTMENT,en,template
hello switch my appointment slot ??,RESCHEDULE_APPOINTMENT,en,template
hello switch my appointment slot asap,RESCHEDULE_APPOINTMENT,en,template
hi switch my appointment slot,RESCHEDULE_APPOINTMENT,en,template
hi switch my appointment slot please,RESCHEDULE_APPOINTMENT,en,template
hi switch my appointment slot pls,RESCHEDULE_APPOINTMENT,en,template
hi switch my appointment slot ??,RESCHEDULE_APPOINTMENT,en,template
hi switch my appointment slot asap,RESCHEDULE_APPOINTMENT,en,template
make my appointment later,RESCHEDULE_APPOINTMENT,en,template
make my appointment later please,RESCHEDULE_APPOINTMENT,en,template
make my appointment later pls,RESCHEDULE_APPOINTMENT,en,template
make my appointment later ??,RESCHEDULE_APPOINTMENT,en,template
make my appointment later asap,RESCHEDULE_APPOINTMENT,en,template
pls make my appointment later,RESCHEDULE_APPOINTMENT,en,template
pls make my appointment later please,RESCHEDULE_APPOINTMENT,en,template
pls make my appointment later pls,RESCHEDULE_APPOINTMENT,en,template
pls make my appointment later ??,RESCHEDULE_APPOINTMENT,en,template
pls make my appointment later asap,RESCHEDULE_APPOINTMENT,en,template
plz make my appointment later,RESCHEDULE_APPOINTMENT,en,template
plz make my appointment later please,RESCHEDULE_APPOINTMENT,en,template
plz make my appointment later pls,RESCHEDULE_APPOINTMENT,en,template
plz make my appointment later ??,RESCHEDULE_APPOINTMENT,en,template
plz make my appointment later asap,RESCHEDULE_APPOINTMENT,en,template
hello make my appointment later,RESCHEDULE_APPOINTMENT,en,template
hello make my appointment later please,RESCHEDULE_APPOINTMENT,en,template
hello make my appointment later pls,RESCHEDULE_APPOINTMENT,en,template
hello make my appointment later ??,RESCHEDULE_APPOINTMENT,en,template
hello make my appointment later asap,RESCHEDULE_APPOINTMENT,en,template
hi make my appointment later,RESCHEDULE_APPOINTMENT,en,template
hi make my appointment later please,RESCHEDULE_APPOINTMENT,en,template
hi make my appointment later pls,RESCHEDULE_APPOINTMENT,en,template
hi make my appointment later ??,RESCHEDULE_APPOINTMENT,en,template
hi make my appointment later asap,RESCHEDULE_APPOINTMENT,en,template
أريد تغيير الموعد إلى اليوم,RESCHEDULE_APPOINTMENT,ar_msa,template
أريد تغيير الموعد إلى اليوم please,RESCHEDULE_APPOINTMENT,ar_msa,template
أريد تغيير الموعد إلى اليوم pls,RESCHEDULE_APPOINTMENT,ar_msa,template
أريد تغيير الموعد إلى اليوم ??,RESCHEDULE_APPOINTMENT,ar_msa,template
أريد تغيير الموعد إلى اليوم asap,RESCHEDULE_APPOINTMENT,ar_msa,template
pls أريد تغيير الموعد إلى اليوم,RESCHEDULE_APPOINTMENT,ar_msa,template
pls أريد تغيير الموعد إلى اليوم please,RESCHEDULE_APPOINTMENT,ar_msa,template
pls أريد تغيير الموعد إلى اليوم pls,RESCHEDULE_APPOINTMENT,ar_msa,template
pls أريد تغيير الموعد إلى اليوم ??,RESCHEDULE_APPOINTMENT,ar_msa,template
pls أريد تغيير الموعد إلى اليوم asap,RESCHEDULE_APPOINTMENT,ar_msa,template
plz أريد تغيير الموعد إلى اليوم,RESCHEDULE_APPOINTMENT,ar_msa,template
plz أريد تغيير الموعد إلى اليوم please,RESCHEDULE_APPOINTMENT,ar_msa,template
plz أريد تغيير الموعد إلى اليوم pls,RESCHEDULE_APPOINTMENT,ar_msa,template
plz أريد تغيير الموعد إلى اليوم ??,RESCHEDULE_APPOINTMENT,ar_msa,template
plz أريد تغيير الموعد إلى اليوم asap,RESCHEDULE_APPOINTMENT,ar_msa,template
hello أريد تغيير الموعد إلى اليوم,RESCHEDULE_APPOINTMENT,ar_msa,template
hello أريد تغيير الموعد إلى اليوم please,RESCHEDULE_APPOINTMENT,ar_msa,template
hello أريد تغيير الموعد إلى اليوم pls,RESCHEDULE_APPOINTMENT,ar_msa,template
hello أريد تغيير الموعد إلى اليوم ??,RESCHEDULE_APPOINTMENT,ar_msa,template
hello أريد تغيير الموعد إلى اليوم asap,RESCHEDULE_APPOINTMENT,ar_msa,template
hi أريد تغيير الموعد إلى اليوم,RESCHEDULE_APPOINTMENT,ar_msa,template
hi أريد تغيير الموعد إلى اليوم please,RESCHEDULE_APPOINTMENT,ar_msa,template
hi أريد تغيير الموعد إلى اليوم pls,RESCHEDULE_APPOINTMENT,ar_msa,template
hi أريد تغيير الموعد إلى اليوم ??,RESCHEDULE_APPOINTMENT,ar_msa,template
hi أريد تغيير الموعد إلى اليوم asap,RESCHEDULE_APPOINTMENT,ar_msa,template
أريد تغيير الموعد إلى بكرة,RESCHEDULE_APPOINTMENT,ar_msa,template
أريد تغيير الموعد إلى بكرة please,RESCHEDULE_APPOINTMENT,ar_msa,template
أريد تغيير الموعد إلى بكرة pls,RESCHEDULE_APPOINTMENT,ar_msa,template
أريد تغيير الموعد إلى بكرة ??,RESCHEDULE_APPOINTMENT,ar_msa,template
أريد تغيير الموعد إلى بكرة asap,RESCHEDULE_APPOINTMENT,ar_msa,template
pls أريد تغيير الموعد إلى بكرة,RESCHEDULE_APPOINTMENT,ar_msa,template
pls أريد تغيير الموعد إلى بكرة please,RESCHEDULE_APPOINTMENT,ar_msa,template
pls أريد تغيير الموعد إلى بكرة pls,RESCHEDULE_APPOINTMENT,ar_msa,template
pls أريد تغيير الموعد إلى بكرة ??,RESCHEDULE_APPOINTMENT,ar_msa,template
pls أريد تغيير الموعد إلى بكرة asap,RESCHEDULE_APPOINTMENT,ar_msa,template
plz أريد تغيير الموعد إلى بكرة,RESCHEDULE_APPOINTMENT,ar_msa,template
plz أريد تغيير الموعد إلى بكرة please,RESCHEDULE_APPOINTMENT,ar_msa,template
plz أريد تغيير الموعد إلى بكرة pls,RESCHEDULE_APPOINTMENT,ar_msa,template
plz أريد تغيير الموعد إلى بكرة ??,RESCHEDULE_APPOINTMENT,ar_msa,template
plz أريد تغيير الموعد إلى بكرة asap,RESCHEDULE_APPOINTMENT,ar_msa,template
hello أريد تغيير الموعد إلى بكرة,RESCHEDULE_APPOINTMENT,ar_msa,template
hello أريد تغيير الموعد إلى بكرة please,RESCHEDULE_APPOINTMENT,ar_msa,template
hello أريد تغيير الموعد إلى بكرة pls,RESCHEDULE_APPOINTMENT,ar_msa,template
hello أريد تغيير الموعد إلى بكرة ??,RESCHEDULE_APPOINTMENT,ar_msa,template
hello أريد تغيير الموعد إلى بكرة asap,RESCHEDULE_APPOINTMENT,ar_msa,template
hi أريد تغيير الموعد إلى بكرة,RESCHEDULE_APPOINTMENT,ar_msa,template
hi أريد تغيير الموعد إلى بكرة please,RESCHEDULE_APPOINTMENT,ar_msa,template
hi أريد تغيير الموعد إلى بكرة pls,RESCHEDULE_APPOINTMENT,ar_msa,template
hi أريد تغيير الموعد إلى بكرة ??,RESCHEDULE_APPOINTMENT,ar_msa,template
hi أريد تغيير الموعد إلى بكرة asap,RESCHEDULE_APPOINTMENT,ar_msa,template
أريد تغيير الموعد إلى في أقرب وقت,RESCHEDULE_APPOINTMENT,ar_msa,template
أريد تغيير الموعد إلى في أقرب وقت please,RESCHEDULE_APPOINTMENT,ar_msa,template
أريد تغيير الموعد إلى في أقرب وقت pls,RESCHEDULE_APPOINTMENT,ar_msa,template
أريد تغيير الموعد إلى في أقرب وقت ??,RESCHEDULE_APPOINTMENT,ar_msa,template
أريد تغيير الموعد إلى في أقرب وقت asap,RESCHEDULE_APPOINTMENT,ar_msa,template
pls أريد تغيير الموعد إلى في أقرب وقت,RESCHEDULE_APPOINTMENT,ar_msa,template
pls أريد تغيير الموعد إلى في أقرب وقت please,RESCHEDULE_APPOINTMENT,ar_msa,template
pls أريد تغيير الموعد إلى في أقرب وقت pls,RESCHEDULE_APPOINTMENT,ar_msa,template
pls أريد تغيير الموعد إلى في أقرب وقت ??,RESCHEDULE_APPOINTMENT,ar_msa,template
pls أريد تغيير الموعد إلى في أقرب وقت asap,RESCHEDULE_APPOINTMENT,ar_msa,template
plz أريد تغيير الموعد إلى في أقرب وقت,RESCHEDULE_APPOINTMENT,ar_msa,template
plz أريد تغيير الموعد إلى في أقرب وقت please,RESCHEDULE_APPOINTMENT,ar_msa,template
plz أريد تغيير الموعد إلى في أقرب وقت pls,RESCHEDULE_APPOINTMENT,ar_msa,template
plz أريد تغيير الموعد إلى في أقرب وقت ??,RESCHEDULE_APPOINTMENT,ar_msa,template
plz أريد تغيير الموعد إلى في أقرب وقت asap,RESCHEDULE_APPOINTMENT,ar_msa,template
hello أريد تغيير الموعد إلى في أقرب وقت,RESCHEDULE_APPOINTMENT,ar_msa,template
hello أريد تغيير الموعد إلى في أقرب وقت please,RESCHEDULE_APPOINTMENT,ar_msa,template
hello أريد تغيير الموعد إلى في أقرب وقت pls,RESCHEDULE_APPOINTMENT,ar_msa,template
hello أريد تغيير الموعد إلى في أقرب وقت ??,RESCHEDULE_APPOINTMENT,ar_msa,template
hello أريد تغيير الموعد إلى في أقرب وقت asap,RESCHEDULE_APPOINTMENT,ar_msa,template
hi أريد تغيير الموعد إلى في أقرب وقت,RESCHEDULE_APPOINTMENT,ar_msa,template
hi أريد تغيير الموعد إلى في أقرب وقت please,RESCHEDULE_APPOINTMENT,ar_msa,template
hi أريد تغيير الموعد إلى في أقرب وقت pls,RESCHEDULE_APPOINTMENT,ar_msa,template
hi أريد تغيير الموعد إلى في أقرب وقت ??,RESCHEDULE_APPOINTMENT,ar_msa,template
hi أريد تغيير الموعد إلى في أقرب وقت asap,RESCHEDULE_APPOINTMENT,ar_msa,template
أريد تغيير الموعد إلى هذا الأسبوع,RESCHEDULE_APPOINTMENT,ar_msa,template
أريد تغيير الموعد إلى هذا الأسبوع please,RESCHEDULE_APPOINTMENT,ar_msa,template
أريد تغيير الموعد إلى هذا الأسبوع pls,RESCHEDULE_APPOINTMENT,ar_msa,template
أريد تغيير الموعد إلى هذا الأسبوع ??,RESCHEDULE_APPOINTMENT,ar_msa,template
أريد تغيير الموعد إلى هذا الأسبوع asap,RESCHEDULE_APPOINTMENT,ar_msa,template
pls أريد تغيير الموعد إلى هذا الأسبوع,RESCHEDULE_APPOINTMENT,ar_msa,template
pls أريد تغيير الموعد إلى هذا الأسبوع please,RESCHEDULE_APPOINTMENT,ar_msa,template
pls أريد تغيير الموعد إلى هذا الأسبوع pls,RESCHEDULE_APPOINTMENT,ar_msa,template
pls أريد تغيير الموعد إلى هذا الأسبوع ??,RESCHEDULE_APPOINTMENT,ar_msa,template
pls أريد تغيير الموعد إلى هذا الأسبوع asap,RESCHEDULE_APPOINTMENT,ar_msa,template
plz أريد تغيير الموعد إلى هذا الأسبوع,RESCHEDULE_APPOINTMENT,ar_msa,template
plz أريد تغيير الموعد إلى هذا الأسبوع please,RESCHEDULE_APPOINTMENT,ar_msa,template
plz أريد تغيير الموعد إلى هذا الأسبوع pls,RESCHEDULE_APPOINTMENT,ar_msa,template
plz أريد تغيير الموعد إلى هذا الأسبوع ??,RESCHEDULE_APPOINTMENT,ar_msa,template
plz أريد تغيير الموعد إلى هذا الأسبوع asap,RESCHEDULE_APPOINTMENT,ar_msa,template
hello أريد تغيير الموعد إلى هذا الأسبوع,RESCHEDULE_APPOINTMENT,ar_msa,template
hello أريد تغيير الموعد إلى هذا الأسبوع please,RESCHEDULE_APPOINTMENT,ar_msa,template
hello أريد تغيير الموعد إلى هذا الأسبوع pls,RESCHEDULE_APPOINTMENT,ar_msa,template
hello أريد تغيير الموعد إلى هذا الأسبوع ??,RESCHEDULE_APPOINTMENT,ar_msa,template
hello أريد تغيير الموعد إلى هذا الأسبوع asap,RESCHEDULE_APPOINTMENT,ar_msa,template
hi أريد تغيير الموعد إلى هذا الأسبوع,RESCHEDULE_APPOINTMENT,ar_msa,template
hi أريد تغيير الموعد إلى هذا الأسبوع please,RESCHEDULE_APPOINTMENT,ar_msa,template
hi أريد تغيير الموعد إلى هذا الأسبوع pls,RESCHEDULE_APPOINTMENT,ar_msa,template
hi أريد تغيير الموعد إلى هذا الأسبوع ??,RESCHEDULE_APPOINTMENT,ar_msa,template
hi أريد تغيير الموعد إلى هذا الأسبوع asap,RESCHEDULE_APPOINTMENT,ar_msa,template
أريد تغيير الموعد إلى بعد العصر,RESCHEDULE_APPOINTMENT,ar_msa,template
أريد تغيير الموعد إلى بعد العصر please,RESCHEDULE_APPOINTMENT,ar_msa,template
أريد تغيير الموعد إلى بعد العصر pls,RESCHEDULE_APPOINTMENT,ar_msa,template
أريد تغيير الموعد إلى بعد العصر ??,RESCHEDULE_APPOINTMENT,ar_msa,template
أريد تغيير الموعد إلى بعد العصر asap,RESCHEDULE_APPOINTMENT,ar_msa,template
pls أريد تغيير الموعد إلى بعد العصر,RESCHEDULE_APPOINTMENT,ar_msa,template
pls أريد تغيير الموعد إلى بعد العصر please,RESCHEDULE_APPOINTMENT,ar_msa,template
pls أريد تغيير الموعد إلى بعد العصر pls,RESCHEDULE_APPOINTMENT,ar_msa,template
pls أريد تغيير الموعد إلى بعد العصر ??,RESCHEDULE_APPOINTMENT,ar_msa,template
pls أريد تغيير الموعد إلى بعد العصر asap,RESCHEDULE_APPOINTMENT,ar_msa,template
plz أريد تغيير الموعد إلى بعد العصر,RESCHEDULE_APPOINTMENT,ar_msa,template
plz أريد تغيير الموعد إلى بعد العصر please,RESCHEDULE_APPOINTMENT,ar_msa,template
plz أريد تغيير الموعد إلى بعد العصر pls,RESCHEDULE_APPOINTMENT,ar_msa,template
plz أريد تغيير الموعد إلى بعد العصر ??,RESCHEDULE_APPOINTMENT,ar_msa,template
plz أريد تغيير الموعد إلى بعد العصر asap,RESCHEDULE_APPOINTMENT,ar_msa,template
hello أريد تغيير الموعد إلى بعد العصر,RESCHEDULE_APPOINTMENT,ar_msa,template
hello أريد تغيير الموعد إلى بعد العصر please,RESCHEDULE_APPOINTMENT,ar_msa,template
hello أريد تغيير الموعد إلى بعد العصر pls,RESCHEDULE_APPOINTMENT,ar_msa,template
hello أريد تغيير الموعد إلى بعد العصر ??,RESCHEDULE_APPOINTMENT,ar_msa,template
hello أريد تغيير الموعد إلى بعد العصر asap,RESCHEDULE_APPOINTMENT,ar_msa,template
hi أريد تغيير الموعد إلى بعد العصر,RESCHEDULE_APPOINTMENT,ar_msa,template
hi أريد تغيير الموعد إلى بعد العصر please,RESCHEDULE_APPOINTMENT,ar_msa,template
hi أريد تغيير الموعد إلى بعد العصر pls,RESCHEDULE_APPOINTMENT,ar_msa,template
hi أريد تغيير الموعد إلى بعد العصر ??,RESCHEDULE_APPOINTMENT,ar_msa,template
hi أريد تغيير الموعد إلى بعد العصر asap,RESCHEDULE_APPOINTMENT,ar_msa,template
أريد تغيير الموعد إلى الصباح,RESCHEDULE_APPOINTMENT,ar_msa,template
أريد تغيير الموعد إلى الصباح please,RESCHEDULE_APPOINTMENT,ar_msa,template
أريد تغيير الموعد إلى الصباح pls,RESCHEDULE_APPOINTMENT,ar_msa,template
أريد تغيير الموعد إلى الصباح ??,RESCHEDULE_APPOINTMENT,ar_msa,template
أريد تغيير الموعد إلى الصباح asap,RESCHEDULE_APPOINTMENT,ar_msa,template
pls أريد تغيير الموعد إلى الصباح,RESCHEDULE_APPOINTMENT,ar_msa,template
pls أريد تغيير الموعد إلى الصباح please,RESCHEDULE_APPOINTMENT,ar_msa,template
pls أريد تغيير الموعد إلى الصباح pls,RESCHEDULE_APPOINTMENT,ar_msa,template
pls أريد تغيير الموعد إلى الصباح ??,RESCHEDULE_APPOINTMENT,ar_msa,template
pls أريد تغيير الموعد إلى الصباح asap,RESCHEDULE_APPOINTMENT,ar_msa,template
plz أريد تغيير الموعد إلى الصباح,RESCHEDULE_APPOINTMENT,ar_msa,template
plz أريد تغيير الموعد إلى الصباح please,RESCHEDULE_APPOINTMENT,ar_msa,template
plz أريد تغيير الموعد إلى الصباح pls,RESCHEDULE_APPOINTMENT,ar_msa,template
plz أريد تغيير الموعد إلى الصباح ??,RESCHEDULE_APPOINTMENT,ar_msa,template
plz أريد تغيير الموعد إلى الصباح asap,RESCHEDULE_APPOINTMENT,ar_msa,template
hello أريد تغيير الموعد إلى الصباح,RESCHEDULE_APPOINTMENT,ar_msa,template
hello أريد تغيير الموعد إلى الصباح please,RESCHEDULE_APPOINTMENT,ar_msa,template
hello أريد تغيير الموعد إلى الصباح pls,RESCHEDULE_APPOINTMENT,ar_msa,template
hello أريد تغيير الموعد إلى الصباح ??,RESCHEDULE_APPOINTMENT,ar_msa,template
hello أريد تغيير الموعد إلى الصباح asap,RESCHEDULE_APPOINTMENT,ar_msa,template
hi أريد تغيير الموعد إلى الصباح,RESCHEDULE_APPOINTMENT,ar_msa,template
hi أريد تغيير الموعد إلى الصباح please,RESCHEDULE_APPOINTMENT,ar_msa,template
hi أريد تغيير الموعد إلى الصباح pls,RESCHEDULE_APPOINTMENT,ar_msa,template
hi أريد تغيير الموعد إلى الصباح ??,RESCHEDULE_APPOINTMENT,ar_msa,template
hi أريد تغيير الموعد إلى الصباح asap,RESCHEDULE_APPOINTMENT,ar_msa,template
هل يمكن تأجيل الموعد,RESCHEDULE_APPOINTMENT,ar_msa,template
هل يمكن تأجيل الموعد please,RESCHEDULE_APPOINTMENT,ar_msa,template
هل يمكن تأجيل الموعد pls,RESCHEDULE_APPOINTMENT,ar_msa,template
هل يمكن تأجيل الموعد ??,RESCHEDULE_APPOINTMENT,ar_msa,template
هل يمكن تأجيل الموعد asap,RESCHEDULE_APPOINTMENT,ar_msa,template
yes i confirm please,CONFIRM_APPOINTMENT,en,template
yes i confirm pls,CONFIRM_APPOINTMENT,en,template
yes i confirm ??,CONFIRM_APPOINTMENT,en,template
yes i confirm asap,CONFIRM_APPOINTMENT,en,template
pls yes i confirm,CONFIRM_APPOINTMENT,en,template
pls yes i confirm please,CONFIRM_APPOINTMENT,en,template
pls yes i confirm pls,CONFIRM_APPOINTMENT,en,template
pls yes i confirm ??,CONFIRM_APPOINTMENT,en,template
pls yes i confirm asap,CONFIRM_APPOINTMENT,en,template
plz yes i confirm,CONFIRM_APPOINTMENT,en,template
plz yes i confirm please,CONFIRM_APPOINTMENT,en,template
plz yes i confirm pls,CONFIRM_APPOINTMENT,en,template
plz yes i confirm ??,CONFIRM_APPOINTMENT,en,template
plz yes i confirm asap,CONFIRM_APPOINTMENT,en,template
hello yes i confirm,CONFIRM_APPOINTMENT,en,template
hello yes i confirm please,CONFIRM_APPOINTMENT,en,template
hello yes i confirm pls,CONFIRM_APPOINTMENT,en,template
hello yes i confirm ??,CONFIRM_APPOINTMENT,en,template
hello yes i confirm asap,CONFIRM_APPOINTMENT,en,template
hi yes i confirm,CONFIRM_APPOINTMENT,en,template
hi yes i confirm please,CONFIRM_APPOINTMENT,en,template
hi yes i confirm pls,CONFIRM_APPOINTMENT,en,template
hi yes i confirm ??,CONFIRM_APPOINTMENT,en,template
hi yes i confirm asap,CONFIRM_APPOINTMENT,en,template
i will come today,CONFIRM_APPOINTMENT,en,template
i will come today please,CONFIRM_APPOINTMENT,en,template
i will come today pls,CONFIRM_APPOINTMENT,en,template
i will come today ??,CONFIRM_APPOINTMENT,en,template
i will come today asap,CONFIRM_APPOINTMENT,en,template
pls i will come today,CONFIRM_APPOINTMENT,en,template
pls i will come today please,CONFIRM_APPOINTMENT,en,template
pls i will come today pls,CONFIRM_APPOINTMENT,en,template
pls i will come today ??,CONFIRM_APPOINTMENT,en,template
pls i will come today asap,CONFIRM_APPOINTMENT,en,template
plz i will come today,CONFIRM_APPOINTMENT,en,template
plz i will come today please,CONFIRM_APPOINTMENT,en,template
plz i will come today pls,CONFIRM_APPOINTMENT,en,template
plz i will come today ??,CONFIRM_APPOINTMENT,en,template
plz i will come today asap,CONFIRM_APPOINTMENT,en,template
hello i will come today,CONFIRM_APPOINTMENT,en,template
hello i will come today please,CONFIRM_APPOINTMENT,en,template
hello i will come today pls,CONFIRM_APPOINTMENT,en,template
hello i will come today ??,CONFIRM_APPOINTMENT,en,template
hello i will come today asap,CONFIRM_APPOINTMENT,en,template
hi i will come today,CONFIRM_APPOINTMENT,en,template
hi i will come today please,CONFIRM_APPOINTMENT,en,template
hi i will come today pls,CONFIRM_APPOINTMENT,en,template
hi i will come today ??,CONFIRM_APPOINTMENT,en,template
hi i will come today asap,CONFIRM_APPOINTMENT,en,template
i will come tomorrow,CONFIRM_APPOINTMENT,en,template
i will come tomorrow please,CONFIRM_APPOINTMENT,en,template
i will come tomorrow pls,CONFIRM_APPOINTMENT,en,template
i will come tomorrow ??,CONFIRM_APPOINTMENT,en,template
i will come tomorrow asap,CONFIRM_APPOINTMENT,en,template
pls i will come tomorrow,CONFIRM_APPOINTMENT,en,template
pls i will come tomorrow please,CONFIRM_APPOINTMENT,en,template
pls i will come tomorrow pls,CONFIRM_APPOINTMENT,en,template
pls i will come tomorrow ??,CONFIRM_APPOINTMENT,en,template
pls i will come tomorrow asap,CONFIRM_APPOINTMENT,en,template
plz i will come tomorrow,CONFIRM_APPOINTMENT,en,template
plz i will come tomorrow please,CONFIRM_APPOINTMENT,en,template
plz i will come tomorrow pls,CONFIRM_APPOINTMENT,en,template
plz i will come tomorrow ??,CONFIRM_APPOINTMENT,en,template
plz i will come tomorrow asap,CONFIRM_APPOINTMENT,en,template
hello i will come tomorrow,CONFIRM_APPOINTMENT,en,template
hello i will come tomorrow please,CONFIRM_APPOINTMENT,en,template
hello i will come tomorrow pls,CONFIRM_APPOINTMENT,en,template
hello i will come tomorrow ??,CONFIRM_APPOINTMENT,en,template
hello i will come tomorrow asap,CONFIRM_APPOINTMENT,en,template
hi i will come tomorrow,CONFIRM_APPOINTMENT,en,template
hi i will come tomorrow please,CONFIRM_APPOINTMENT,en,template
hi i will come tomorrow pls,CONFIRM_APPOINTMENT,en,template
hi i will come tomorrow ??,CONFIRM_APPOINTMENT,en,template
hi i will come tomorrow asap,CONFIRM_APPOINTMENT,en,template
i will come asap,CONFIRM_APPOINTMENT,en,template
i will come asap please,CONFIRM_APPOINTMENT,en,template
i will come asap pls,CONFIRM_APPOINTMENT,en,template
i will come asap ??,CONFIRM_APPOINTMENT,en,template
i will come asap asap,CONFIRM_APPOINTMENT,en,template
pls i will come asap,CONFIRM_APPOINTMENT,en,template
pls i will come asap please,CONFIRM_APPOINTMENT,en,template
pls i will come asap pls,CONFIRM_APPOINTMENT,en,template
pls i will come asap ??,CONFIRM_APPOINTMENT,en,template
pls i will come asap asap,CONFIRM_APPOINTMENT,en,template
plz i will come asap,CONFIRM_APPOINTMENT,en,template
plz i will come asap please,CONFIRM_APPOINTMENT,en,template
plz i will come asap pls,CONFIRM_APPOINTMENT,en,template
plz i will come asap ??,CONFIRM_APPOINTMENT,en,template
plz i will come asap asap,CONFIRM_APPOINTMENT,en,template
hello i will come asap,CONFIRM_APPOINTMENT,en,template
hello i will come asap please,CONFIRM_APPOINTMENT,en,template
hello i will come asap pls,CONFIRM_APPOINTMENT,en,template
hello i will come asap ??,CONFIRM_APPOINTMENT,en,template
hello i will come asap asap,CONFIRM_APPOINTMENT,en,template
hi i will come asap,CONFIRM_APPOINTMENT,en,template
hi i will come asap please,CONFIRM_APPOINTMENT,en,template
hi i will come asap pls,CONFIRM_APPOINTMENT,en,template
hi i will come asap ??,CONFIRM_APPOINTMENT,en,template
hi i will come asap asap,CONFIRM_APPOINTMENT,en,template
i will come this week,CONFIRM_APPOINTMENT,en,template
i will come this week please,CONFIRM_APPOINTMENT,en,template
i will come this week pls,CONFIRM_APPOINTMENT,en,template
i will come this week ??,CONFIRM_APPOINTMENT,en,template
i will come this week asap,CONFIRM_APPOINTMENT,en,template
pls i will come this week,CONFIRM_APPOINTMENT,en,template
pls i will come this week please,CONFIRM_APPOINTMENT,en,template
pls i will come this week pls,CONFIRM_APPOINTMENT,en,template
pls i will come this week ??,CONFIRM_APPOINTMENT,en,template
pls i will come this week asap,CONFIRM_APPOINTMENT,en,template
plz i will come this week,CONFIRM_APPOINTMENT,en,template
plz i will come this week please,CONFIRM_APPOINTMENT,en,template
plz i will come this week pls,CONFIRM_APPOINTMENT,en,template
plz i will come this week ??,CONFIRM_APPOINTMENT,en,template
plz i will come this week asap,CONFIRM_APPOINTMENT,en,template
hello i will come this week,CONFIRM_APPOINTMENT,en,template
hello i will come this week please,CONFIRM_APPOINTMENT,en,template
hello i will come this week pls,CONFIRM_APPOINTMENT,en,template
hello i will come this week ??,CONFIRM_APPOINTMENT,en,template
hello i will come this week asap,CONFIRM_APPOINTMENT,en,template
hi i will come this week,CONFIRM_APPOINTMENT,en,template
hi i will come this week please,CONFIRM_APPOINTMENT,en,template
hi i will come this week pls,CONFIRM_APPOINTMENT,en,template
hi i will come this week ??,CONFIRM_APPOINTMENT,en,template
hi i will come this week asap,CONFIRM_APPOINTMENT,en,template
i will come after 5pm,CONFIRM_APPOINTMENT,en,template
i will come after 5pm please,CONFIRM_APPOINTMENT,en,template
i will come after 5pm pls,CONFIRM_APPOINTMENT,en,template
i will come after 5pm ??,CONFIRM_APPOINTMENT,en,template
i will come after 5pm asap,CONFIRM_APPOINTMENT,en,template
pls i will come after 5pm,CONFIRM_APPOINTMENT,en,template
pls i will come after 5pm please,CONFIRM_APPOINTMENT,en,template
pls i will come after 5pm pls,CONFIRM_APPOINTMENT,en,template
pls i will come after 5pm ??,CONFIRM_APPOINTMENT,en,template
pls i will come after 5pm asap,CONFIRM_APPOINTMENT,en,template
plz i will come after 5pm,CONFIRM_APPOINTMENT,en,template
plz i will come after 5pm please,CONFIRM_APPOINTMENT,en,template
plz i will come after 5pm pls,CONFIRM_APPOINTMENT,en,template
plz i will come after 5pm ??,CONFIRM_APPOINTMENT,en,template
plz i will come after 5pm asap,CONFIRM_APPOINTMENT,en,template
hello i will come after 5pm,CONFIRM_APPOINTMENT,en,template
hello i will come after 5pm please,CONFIRM_APPOINTMENT,en,template
hello i will come after 5pm pls,CONFIRM_APPOINTMENT,en,template
hello i will come after 5pm ??,CONFIRM_APPOINTMENT,en,template
hello i will come after 5pm asap,CONFIRM_APPOINTMENT,en,template
hi i will come after 5pm,CONFIRM_APPOINTMENT,en,template
hi i will come after 5pm please,CONFIRM_APPOINTMENT,en,template
hi i will come after 5pm pls,CONFIRM_APPOINTMENT,en,template
hi i will come after 5pm ??,CONFIRM_APPOINTMENT,en,template
hi i will come after 5pm asap,CONFIRM_APPOINTMENT,en,template
i will come morning,CONFIRM_APPOINTMENT,en,template
i will come morning please,CONFIRM_APPOINTMENT,en,template
i will come morning pls,CONFIRM_APPOINTMENT,en,template
i will come morning ??,CONFIRM_APPOINTMENT,en,template
i will come morning asap,CONFIRM_APPOINTMENT,en,template
pls i will come morning,CONFIRM_APPOINTMENT,en,template
pls i will come morning please,CONFIRM_APPOINTMENT,en,template
pls i will come morning pls,CONFIRM_APPOINTMENT,en,template
pls i will come morning ??,CONFIRM_APPOINTMENT,en,template
pls i will come morning asap,CONFIRM_APPOINTMENT,en,template
plz i will come morning,CONFIRM_APPOINTMENT,en,template
plz i will come morning please,CONFIRM_APPOINTMENT,en,template
plz i will come morning pls,CONFIRM_APPOINTMENT,en,template
plz i will come morning ??,CONFIRM_APPOINTMENT,en,template
plz i will come morning asap,CONFIRM_APPOINTMENT,en,template
hello i will come morning,CONFIRM_APPOINTMENT,en,template
hello i will come morning please,CONFIRM_APPOINTMENT,en,template
hello i will come morning pls,CONFIRM_APPOINTMENT,en,template
hello i will come morning ??,CONFIRM_APPOINTMENT,en,template
hello i will come morning asap,CONFIRM_APPOINTMENT,en,template
hi i will come morning,CONFIRM_APPOINTMENT,en,template
hi i will come morning please,CONFIRM_APPOINTMENT,en,template
hi i will come morning pls,CONFIRM_APPOINTMENT,en,template
hi i will come morning ??,CONFIRM_APPOINTMENT,en,template
hi i will come morning asap,CONFIRM_APPOINTMENT,en,template
keep my appointment,CONFIRM_APPOINTMENT,en,template
keep my appointment please,CONFIRM_APPOINTMENT,en,template
keep my appointment pls,CONFIRM_APPOINTMENT,en,template
keep my appointment ??,CONFIRM_APPOINTMENT,en,template
keep my appointment asap,CONFIRM_APPOINTMENT,en,template
pls keep my appointment,CONFIRM_APPOINTMENT,en,template
pls keep my appointment please,CONFIRM_APPOINTMENT,en,template
pls keep my appointment pls,CONFIRM_APPOINTMENT,en,template
pls keep my appointment ??,CONFIRM_APPOINTMENT,en,template
pls keep my appointment asap,CONFIRM_APPOINTMENT,en,template
plz keep my appointment,CONFIRM_APPOINTMENT,en,template
plz keep my appointment please,CONFIRM_APPOINTMENT,en,template
plz keep my appointment pls,CONFIRM_APPOINTMENT,en,template
plz keep my appointment ??,CONFIRM_APPOINTMENT,en,template
plz keep my appointment asap,CONFIRM_APPOINTMENT,en,template
hello keep my appointment,CONFIRM_APPOINTMENT,en,template
hello keep my appointment please,CONFIRM_APPOINTMENT,en,template
hello keep my appointment pls,CONFIRM_APPOINTMENT,en,template
hello keep my appointment ??,CONFIRM_APPOINTMENT,en,template
hello keep my appointment asap,CONFIRM_APPOINTMENT,en,template
hi keep my appointment,CONFIRM_APPOINTMENT,en,template
hi keep my appointment please,CONFIRM_APPOINTMENT,en,template
hi keep my appointment pls,CONFIRM_APPOINTMENT,en,template
hi keep my appointment ??,CONFIRM_APPOINTMENT,en,template
hi keep my appointment asap,CONFIRM_APPOINTMENT,en,template
yes keep it today,CONFIRM_APPOINTMENT,en,template
yes keep it today please,CONFIRM_APPOINTMENT,en,template
yes keep it today pls,CONFIRM_APPOINTMENT,en,template
yes keep it today ??,CONFIRM_APPOINTMENT,en,template
yes keep it today asap,CONFIRM_APPOINTMENT,en,template
pls yes keep it today,CONFIRM_APPOINTMENT,en,template
pls yes keep it today please,CONFIRM_APPOINTMENT,en,template
pls yes keep it today pls,CONFIRM_APPOINTMENT,en,template
pls yes keep it today ??,CONFIRM_APPOINTMENT,en,template
pls yes keep it today asap,CONFIRM_APPOINTMENT,en,template
plz yes keep it today,CONFIRM_APPOINTMENT,en,template
plz yes keep it today please,CONFIRM_APPOINTMENT,en,template
plz yes keep it today pls,CONFIRM_APPOINTMENT,en,template
plz yes keep it today ??,CONFIRM_APPOINTMENT,en,template
plz yes keep it today asap,CONFIRM_APPOINTMENT,en,template
hello yes keep it today,CONFIRM_APPOINTMENT,en,template
hello yes keep it today please,CONFIRM_APPOINTMENT,en,template
hello yes keep it today pls,CONFIRM_APPOINTMENT,en,template
hello yes keep it today ??,CONFIRM_APPOINTMENT,en,template
hello yes keep it today asap,CONFIRM_APPOINTMENT,en,template
hi yes keep it today,CONFIRM_APPOINTMENT,en,template
hi yes keep it today please,CONFIRM_APPOINTMENT,en,template
hi yes keep it today pls,CONFIRM_APPOINTMENT,en,template
hi yes keep it today ??,CONFIRM_APPOINTMENT,en,template
hi yes keep it today asap,CONFIRM_APPOINTMENT,en,template
yes keep it tomorrow,CONFIRM_APPOINTMENT,en,template
yes keep it tomorrow please,CONFIRM_APPOINTMENT,en,template
yes keep it tomorrow pls,CONFIRM_APPOINTMENT,en,template
yes keep it tomorrow ??,CONFIRM_APPOINTMENT,en,template
yes keep it tomorrow asap,CONFIRM_APPOINTMENT,en,template
pls yes keep it tomorrow,CONFIRM_APPOINTMENT,en,template
pls yes keep it tomorrow please,CONFIRM_APPOINTMENT,en,template
pls yes keep it tomorrow pls,CONFIRM_APPOINTMENT,en,template
pls yes keep it tomorrow ??,CONFIRM_APPOINTMENT,en,template
pls yes keep it tomorrow asap,CONFIRM_APPOINTMENT,en,template
plz yes keep it tomorrow,CONFIRM_APPOINTMENT,en,template
plz yes keep it tomorrow please,CONFIRM_APPOINTMENT,en,template
plz yes keep it tomorrow pls,CONFIRM_APPOINTMENT,en,template
plz yes keep it tomorrow ??,CONFIRM_APPOINTMENT,en,template
plz yes keep it tomorrow asap,CONFIRM_APPOINTMENT,en,template
hello yes keep it tomorrow,CONFIRM_APPOINTMENT,en,template
hello yes keep it tomorrow please,CONFIRM_APPOINTMENT,en,template
hello yes keep it tomorrow pls,CONFIRM_APPOINTMENT,en,template
hello yes keep it tomorrow ??,CONFIRM_APPOINTMENT,en,template
hello yes keep it tomorrow asap,CONFIRM_APPOINTMENT,en,template
hi yes keep it tomorrow,CONFIRM_APPOINTMENT,en,template
hi yes keep it tomorrow please,CONFIRM_APPOINTMENT,en,template
hi yes keep it tomorrow pls,CONFIRM_APPOINTMENT,en,template
hi yes keep it tomorrow ??,CONFIRM_APPOINTMENT,en,template
hi yes keep it tomorrow asap,CONFIRM_APPOINTMENT,en,template
yes keep it asap,CONFIRM_APPOINTMENT,en,template
yes keep it asap please,CONFIRM_APPOINTMENT,en,template
yes keep it asap pls,CONFIRM_APPOINTMENT,en,template
yes keep it asap ??,CONFIRM_APPOINTMENT,en,template
yes keep it asap asap,CONFIRM_APPOINTMENT,en,template
pls yes keep it asap,CONFIRM_APPOINTMENT,en,template
pls yes keep it asap please,CONFIRM_APPOINTMENT,en,template
pls yes keep it asap pls,CONFIRM_APPOINTMENT,en,template
pls yes keep it asap ??,CONFIRM_APPOINTMENT,en,template
pls yes keep it asap asap,CONFIRM_APPOINTMENT,en,template
plz yes keep it asap,CONFIRM_APPOINTMENT,en,template
plz yes keep it asap please,CONFIRM_APPOINTMENT,en,template
plz yes keep it asap pls,CONFIRM_APPOINTMENT,en,template
plz yes keep it asap ??,CONFIRM_APPOINTMENT,en,template
plz yes keep it asap asap,CONFIRM_APPOINTMENT,en,template
hello yes keep it asap,CONFIRM_APPOINTMENT,en,template
hello yes keep it asap please,CONFIRM_APPOINTMENT,en,template
hello yes keep it asap pls,CONFIRM_APPOINTMENT,en,template
hello yes keep it asap ??,CONFIRM_APPOINTMENT,en,template
hello yes keep it asap asap,CONFIRM_APPOINTMENT,en,template
hi yes keep it asap,CONFIRM_APPOINTMENT,en,template
hi yes keep it asap please,CONFIRM_APPOINTMENT,en,template
hi yes keep it asap pls,CONFIRM_APPOINTMENT,en,template
hi yes keep it asap ??,CONFIRM_APPOINTMENT,en,template
hi yes keep it asap asap,CONFIRM_APPOINTMENT,en,template
yes keep it this week,CONFIRM_APPOINTMENT,en,template
yes keep it this week please,CONFIRM_APPOINTMENT,en,template
yes keep it this week pls,CONFIRM_APPOINTMENT,en,template
yes keep it this week ??,CONFIRM_APPOINTMENT,en,template
yes keep it this week asap,CONFIRM_APPOINTMENT,en,template
pls yes keep it this week,CONFIRM_APPOINTMENT,en,template
pls yes keep it this week please,CONFIRM_APPOINTMENT,en,template
pls yes keep it this week pls,CONFIRM_APPOINTMENT,en,template
pls yes keep it this week ??,CONFIRM_APPOINTMENT,en,template
pls yes keep it this week asap,CONFIRM_APPOINTMENT,en,template
plz yes keep it this week,CONFIRM_APPOINTMENT,en,template
plz yes keep it this week please,CONFIRM_APPOINTMENT,en,template
plz yes keep it this week pls,CONFIRM_APPOINTMENT,en,template
plz yes keep it this week ??,CONFIRM_APPOINTMENT,en,template
plz yes keep it this week asap,CONFIRM_APPOINTMENT,en,template
hello yes keep it this week,CONFIRM_APPOINTMENT,en,template
hello yes keep it this week please,CONFIRM_APPOINTMENT,en,template
hello yes keep it this week pls,CONFIRM_APPOINTMENT,en,template
hello yes keep it this week ??,CONFIRM_APPOINTMENT,en,template
hello yes keep it this week asap,CONFIRM_APPOINTMENT,en,template
hi yes keep it this week,CONFIRM_APPOINTMENT,en,template
hi yes keep it this week please,CONFIRM_APPOINTMENT,en,template
hi yes keep it this week pls,CONFIRM_APPOINTMENT,en,template
hi yes keep it this week ??,CONFIRM_APPOINTMENT,en,template
hi yes keep it this week asap,CONFIRM_APPOINTMENT,en,template
yes keep it after 5pm,CONFIRM_APPOINTMENT,en,template
yes keep it after 5pm please,CONFIRM_APPOINTMENT,en,template
yes keep it after 5pm pls,CONFIRM_APPOINTMENT,en,template
yes keep it after 5pm ??,CONFIRM_APPOINTMENT,en,template
yes keep it after 5pm asap,CONFIRM_APPOINTMENT,en,template
pls yes keep it after 5pm,CONFIRM_APPOINTMENT,en,template
pls yes keep it after 5pm please,CONFIRM_APPOINTMENT,en,template
pls yes keep it after 5pm pls,CONFIRM_APPOINTMENT,en,template
pls yes keep it after 5pm ??,CONFIRM_APPOINTMENT,en,template
pls yes keep it after 5pm asap,CONFIRM_APPOINTMENT,en,template
plz yes keep it after 5pm,CONFIRM_APPOINTMENT,en,template
plz yes keep it after 5pm please,CONFIRM_APPOINTMENT,en,template
plz yes keep it after 5pm pls,CONFIRM_APPOINTMENT,en,template
plz yes keep it after 5pm ??,CONFIRM_APPOINTMENT,en,template
plz yes keep it after 5pm asap,CONFIRM_APPOINTMENT,en,template
hello yes keep it after 5pm,CONFIRM_APPOINTMENT,en,template
hello yes keep it after 5pm please,CONFIRM_APPOINTMENT,en,template
hello yes keep it after 5pm pls,CONFIRM_APPOINTMENT,en,template
hello yes keep it after 5pm ??,CONFIRM_APPOINTMENT,en,template
hello yes keep it after 5pm asap,CONFIRM_APPOINTMENT,en,template
hi yes keep it after 5pm,CONFIRM_APPOINTMENT,en,template
hi yes keep it after 5pm please,CONFIRM_APPOINTMENT,en,template
hi yes keep it after 5pm pls,CONFIRM_APPOINTMENT,en,template
hi yes keep it after 5pm ??,CONFIRM_APPOINTMENT,en,template
hi yes keep it after 5pm asap,CONFIRM_APPOINTMENT,en,template
yes keep it morning,CONFIRM_APPOINTMENT,en,template
yes keep it morning please,CONFIRM_APPOINTMENT,en,template
yes keep it morning pls,CONFIRM_APPOINTMENT,en,template
yes keep it morning ??,CONFIRM_APPOINTMENT,en,template
yes keep it morning asap,CONFIRM_APPOINTMENT,en,template
pls yes keep it morning,CONFIRM_APPOINTMENT,en,template
pls yes keep it morning please,CONFIRM_APPOINTMENT,en,template
pls yes keep it morning pls,CONFIRM_APPOINTMENT,en,template
pls yes keep it morning ??,CONFIRM_APPOINTMENT,en,template
pls yes keep it morning asap,CONFIRM_APPOINTMENT,en,template
plz yes keep it morning,CONFIRM_APPOINTMENT,en,template
plz yes keep it morning please,CONFIRM_APPOINTMENT,en,template
plz yes keep it morning pls,CONFIRM_APPOINTMENT,en,template
plz yes keep it morning ??,CONFIRM_APPOINTMENT,en,template
plz yes keep it morning asap,CONFIRM_APPOINTMENT,en,template
hello yes keep it morning,CONFIRM_APPOINTMENT,en,template
hello yes keep it morning please,CONFIRM_APPOINTMENT,en,template
hello yes keep it morning pls,CONFIRM_APPOINTMENT,en,template
hello yes keep it morning ??,CONFIRM_APPOINTMENT,en,template
hello yes keep it morning asap,CONFIRM_APPOINTMENT,en,template
hi yes keep it morning,CONFIRM_APPOINTMENT,en,template
hi yes keep it morning please,CONFIRM_APPOINTMENT,en,template
hi yes keep it morning pls,CONFIRM_APPOINTMENT,en,template
hi yes keep it morning ??,CONFIRM_APPOINTMENT,en,template
hi yes keep it morning asap,CONFIRM_APPOINTMENT,en,template
i can attend today,CONFIRM_APPOINTMENT,en,template
i can attend today please,CONFIRM_APPOINTMENT,en,template
i can attend today pls,CONFIRM_APPOINTMENT,en,template
i can attend today ??,CONFIRM_APPOINTMENT,en,template
i can attend today asap,CONFIRM_APPOINTMENT,en,template
pls i can attend today,CONFIRM_APPOINTMENT,en,template
pls i can attend today please,CONFIRM_APPOINTMENT,en,template
pls i can attend today pls,CONFIRM_APPOINTMENT,en,template
pls i can attend today ??,CONFIRM_APPOINTMENT,en,template
pls i can attend today asap,CONFIRM_APPOINTMENT,en,template
plz i can attend today,CONFIRM_APPOINTMENT,en,template
plz i can attend today please,CONFIRM_APPOINTMENT,en,template
plz i can attend today pls,CONFIRM_APPOINTMENT,en,template
plz i can attend today ??,CONFIRM_APPOINTMENT,en,template
plz i can attend today asap,CONFIRM_APPOINTMENT,en,template
hello i can attend today,CONFIRM_APPOINTMENT,en,template
hello i can attend today please,CONFIRM_APPOINTMENT,en,template
hello i can attend today pls,CONFIRM_APPOINTMENT,en,template
hello i can attend today ??,CONFIRM_APPOINTMENT,en,template
hello i can attend today asap,CONFIRM_APPOINTMENT,en,template
hi i can attend today,CONFIRM_APPOINTMENT,en,template
hi i can attend today please,CONFIRM_APPOINTMENT,en,template
hi i can attend today pls,CONFIRM_APPOINTMENT,en,template
hi i can attend today ??,CONFIRM_APPOINTMENT,en,template
hi i can attend today asap,CONFIRM_APPOINTMENT,en,template
i can attend tomorrow,CONFIRM_APPOINTMENT,en,template
i can attend tomorrow please,CONFIRM_APPOINTMENT,en,template
i can attend tomorrow pls,CONFIRM_APPOINTMENT,en,template
i can attend tomorrow ??,CONFIRM_APPOINTMENT,en,template
i can attend tomorrow asap,CONFIRM_APPOINTMENT,en,template
pls i can attend tomorrow,CONFIRM_APPOINTMENT,en,template
pls i can attend tomorrow please,CONFIRM_APPOINTMENT,en,template
pls i can attend tomorrow pls,CONFIRM_APPOINTMENT,en,template
pls i can attend tomorrow ??,CONFIRM_APPOINTMENT,en,template
pls i can attend tomorrow asap,CONFIRM_APPOINTMENT,en,template
plz i can attend tomorrow,CONFIRM_APPOINTMENT,en,template
plz i can attend tomorrow please,CONFIRM_APPOINTMENT,en,template
plz i can attend tomorrow pls,CONFIRM_APPOINTMENT,en,template
plz i can attend tomorrow ??,CONFIRM_APPOINTMENT,en,template
plz i can attend tomorrow asap,CONFIRM_APPOINTMENT,en,template
hello i can attend tomorrow,CONFIRM_APPOINTMENT,en,template
hello i can attend tomorrow please,CONFIRM_APPOINTMENT,en,template
hello i can attend tomorrow pls,CONFIRM_APPOINTMENT,en,template
hello i can attend tomorrow ??,CONFIRM_APPOINTMENT,en,template
hello i can attend tomorrow asap,CONFIRM_APPOINTMENT,en,template
hi i can attend tomorrow,CONFIRM_APPOINTMENT,en,template
hi i can attend tomorrow please,CONFIRM_APPOINTMENT,en,template
hi i can attend tomorrow pls,CONFIRM_APPOINTMENT,en,template
hi i can attend tomorrow ??,CONFIRM_APPOINTMENT,en,template
hi i can attend tomorrow asap,CONFIRM_APPOINTMENT,en,template
i can attend asap,CONFIRM_APPOINTMENT,en,template
i can attend asap please,CONFIRM_APPOINTMENT,en,template
i can attend asap pls,CONFIRM_APPOINTMENT,en,template
i can attend asap ??,CONFIRM_APPOINTMENT,en,template
i can attend asap asap,CONFIRM_APPOINTMENT,en,template
pls i can attend asap,CONFIRM_APPOINTMENT,en,template
pls i can attend asap please,CONFIRM_APPOINTMENT,en,template
pls i can attend asap pls,CONFIRM_APPOINTMENT,en,template
pls i can attend asap ??,CONFIRM_APPOINTMENT,en,template
pls i can attend asap asap,CONFIRM_APPOINTMENT,en,template
plz i can attend asap,CONFIRM_APPOINTMENT,en,template
plz i can attend asap please,CONFIRM_APPOINTMENT,en,template
plz i can attend asap pls,CONFIRM_APPOINTMENT,en,template
plz i can attend asap ??,CONFIRM_APPOINTMENT,en,template
plz i can attend asap asap,CONFIRM_APPOINTMENT,en,template
hello i can attend asap,CONFIRM_APPOINTMENT,en,template
hello i can attend asap please,CONFIRM_APPOINTMENT,en,template
hello i can attend asap pls,CONFIRM_APPOINTMENT,en,template
hello i can attend asap ??,CONFIRM_APPOINTMENT,en,template
hello i can attend asap asap,CONFIRM_APPOINTMENT,en,template
hi i can attend asap,CONFIRM_APPOINTMENT,en,template
hi i can attend asap please,CONFIRM_APPOINTMENT,en,template
hi i can attend asap pls,CONFIRM_APPOINTMENT,en,template
hi i can attend asap ??,CONFIRM_APPOINTMENT,en,template
hi i can attend asap asap,CONFIRM_APPOINTMENT,en,template
i can attend this week,CONFIRM_APPOINTMENT,en,template
i can attend this week please,CONFIRM_APPOINTMENT,en,template
i can attend this week pls,CONFIRM_APPOINTMENT,en,template
i can attend this week ??,CONFIRM_APPOINTMENT,en,template
i can attend this week asap,CONFIRM_APPOINTMENT,en,template
pls i can attend this week,CONFIRM_APPOINTMENT,en,template
pls i can attend this week please,CONFIRM_APPOINTMENT,en,template
pls i can attend this week pls,CONFIRM_APPOINTMENT,en,template
pls i can attend this week ??,CONFIRM_APPOINTMENT,en,template
pls i can attend this week asap,CONFIRM_APPOINTMENT,en,template
plz i can attend this week,CONFIRM_APPOINTMENT,en,template
plz i can attend this week please,CONFIRM_APPOINTMENT,en,template
plz i can attend this week pls,CONFIRM_APPOINTMENT,en,template
plz i can attend this week ??,CONFIRM_APPOINTMENT,en,template
plz i can attend this week asap,CONFIRM_APPOINTMENT,en,template
hello i can attend this week,CONFIRM_APPOINTMENT,en,template
hello i can attend this week please,CONFIRM_APPOINTMENT,en,template
hello i can attend this week pls,CONFIRM_APPOINTMENT,en,template
hello i can attend this week ??,CONFIRM_APPOINTMENT,en,template
hello i can attend this week asap,CONFIRM_APPOINTMENT,en,template
hi i can attend this week,CONFIRM_APPOINTMENT,en,template
hi i can attend this week please,CONFIRM_APPOINTMENT,en,template
hi i can attend this week pls,CONFIRM_APPOINTMENT,en,template
hi i can attend this week ??,CONFIRM_APPOINTMENT,en,template
hi i can attend this week asap,CONFIRM_APPOINTMENT,en,template
i can attend after 5pm,CONFIRM_APPOINTMENT,en,template
i can attend after 5pm please,CONFIRM_APPOINTMENT,en,template
i can attend after 5pm pls,CONFIRM_APPOINTMENT,en,template
i can attend after 5pm ??,CONFIRM_APPOINTMENT,en,template
i can attend after 5pm asap,CONFIRM_APPOINTMENT,en,template
pls i can attend after 5pm,CONFIRM_APPOINTMENT,en,template
pls i can attend after 5pm please,CONFIRM_APPOINTMENT,en,template
pls i can attend after 5pm pls,CONFIRM_APPOINTMENT,en,template
pls i can attend after 5pm ??,CONFIRM_APPOINTMENT,en,template
pls i can attend after 5pm asap,CONFIRM_APPOINTMENT,en,template
plz i can attend after 5pm,CONFIRM_APPOINTMENT,en,template
plz i can attend after 5pm please,CONFIRM_APPOINTMENT,en,template
plz i can attend after 5pm pls,CONFIRM_APPOINTMENT,en,template
plz i can attend after 5pm ??,CONFIRM_APPOINTMENT,en,template
plz i can attend after 5pm asap,CONFIRM_APPOINTMENT,en,template
hello i can attend after 5pm,CONFIRM_APPOINTMENT,en,template
hello i can attend after 5pm please,CONFIRM_APPOINTMENT,en,template
hello i can attend after 5pm pls,CONFIRM_APPOINTMENT,en,template
hello i can attend after 5pm ??,CONFIRM_APPOINTMENT,en,template
hello i can attend after 5pm asap,CONFIRM_APPOINTMENT,en,template
hi i can attend after 5pm,CONFIRM_APPOINTMENT,en,template
hi i can attend after 5pm please,CONFIRM_APPOINTMENT,en,template
hi i can attend after 5pm pls,CONFIRM_APPOINTMENT,en,template
hi i can attend after 5pm ??,CONFIRM_APPOINTMENT,en,template
hi i can attend after 5pm asap,CONFIRM_APPOINTMENT,en,template
i can attend morning,CONFIRM_APPOINTMENT,en,template
i can attend morning please,CONFIRM_APPOINTMENT,en,template
i can attend morning pls,CONFIRM_APPOINTMENT,en,template
i can attend morning ??,CONFIRM_APPOINTMENT,en,template
i can attend morning asap,CONFIRM_APPOINTMENT,en,template
pls i can attend morning,CONFIRM_APPOINTMENT,en,template
pls i can attend morning please,CONFIRM_APPOINTMENT,en,template
pls i can attend morning pls,CONFIRM_APPOINTMENT,en,template
pls i can attend morning ??,CONFIRM_APPOINTMENT,en,template
pls i can attend morning asap,CONFIRM_APPOINTMENT,en,template
plz i can attend morning,CONFIRM_APPOINTMENT,en,template
plz i can attend morning please,CONFIRM_APPOINTMENT,en,template
plz i can attend morning pls,CONFIRM_APPOINTMENT,en,template
plz i can attend morning ??,CONFIRM_APPOINTMENT,en,template
plz i can attend morning asap,CONFIRM_APPOINTMENT,en,template
hello i can attend morning,CONFIRM_APPOINTMENT,en,template
hello i can attend morning please,CONFIRM_APPOINTMENT,en,template
hello i can attend morning pls,CONFIRM_APPOINTMENT,en,template
hello i can attend morning ??,CONFIRM_APPOINTMENT,en,template
hello i can attend morning asap,CONFIRM_APPOINTMENT,en,template
hi i can attend morning,CONFIRM_APPOINTMENT,en,template
hi i can attend morning please,CONFIRM_APPOINTMENT,en,template
hi i can attend morning pls,CONFIRM_APPOINTMENT,en,template
hi i can attend morning ??,CONFIRM_APPOINTMENT,en,template
hi i can attend morning asap,CONFIRM_APPOINTMENT,en,template
i will be there today,CONFIRM_APPOINTMENT,en,template
i will be there today please,CONFIRM_APPOINTMENT,en,template
i will be there today pls,CONFIRM_APPOINTMENT,en,template
i will be there today ??,CONFIRM_APPOINTMENT,en,template
i will be there today asap,CONFIRM_APPOINTMENT,en,template
pls i will be there today,CONFIRM_APPOINTMENT,en,template
pls i will be there today please,CONFIRM_APPOINTMENT,en,template
pls i will be there today pls,CONFIRM_APPOINTMENT,en,template
pls i will be there today ??,CONFIRM_APPOINTMENT,en,template
pls i will be there today asap,CONFIRM_APPOINTMENT,en,template
plz i will be there today,CONFIRM_APPOINTMENT,en,template
plz i will be there today please,CONFIRM_APPOINTMENT,en,template
plz i will be there today pls,CONFIRM_APPOINTMENT,en,template
plz i will be there today ??,CONFIRM_APPOINTMENT,en,template
plz i will be there today asap,CONFIRM_APPOINTMENT,en,template
hello i will be there today,CONFIRM_APPOINTMENT,en,template
hello i will be there today please,CONFIRM_APPOINTMENT,en,template
hello i will be there today pls,CONFIRM_APPOINTMENT,en,template
hello i will be there today ??,CONFIRM_APPOINTMENT,en,template
hello i will be there today asap,CONFIRM_APPOINTMENT,en,template
hi i will be there today,CONFIRM_APPOINTMENT,en,template
hi i will be there today please,CONFIRM_APPOINTMENT,en,template
hi i will be there today pls,CONFIRM_APPOINTMENT,en,template
hi i will be there today ??,CONFIRM_APPOINTMENT,en,template
hi i will be there today asap,CONFIRM_APPOINTMENT,en,template
i will be there tomorrow,CONFIRM_APPOINTMENT,en,template
i will be there tomorrow please,CONFIRM_APPOINTMENT,en,template
i will be there tomorrow pls,CONFIRM_APPOINTMENT,en,template
i will be there tomorrow ??,CONFIRM_APPOINTMENT,en,template
i will be there tomorrow asap,CONFIRM_APPOINTMENT,en,template
pls i will be there tomorrow,CONFIRM_APPOINTMENT,en,template
pls i will be there tomorrow please,CONFIRM_APPOINTMENT,en,template
pls i will be there tomorrow pls,CONFIRM_APPOINTMENT,en,template
pls i will be there tomorrow ??,CONFIRM_APPOINTMENT,en,template
pls i will be there tomorrow asap,CONFIRM_APPOINTMENT,en,template
plz i will be there tomorrow,CONFIRM_APPOINTMENT,en,template
plz i will be there tomorrow please,CONFIRM_APPOINTMENT,en,template
plz i will be there tomorrow pls,CONFIRM_APPOINTMENT,en,template
plz i will be there tomorrow ??,CONFIRM_APPOINTMENT,en,template
plz i will be there tomorrow asap,CONFIRM_APPOINTMENT,en,template
hello i will be there tomorrow,CONFIRM_APPOINTMENT,en,template
hello i will be there tomorrow please,CONFIRM_APPOINTMENT,en,template
hello i will be there tomorrow pls,CONFIRM_APPOINTMENT,en,template
hello i will be there tomorrow ??,CONFIRM_APPOINTMENT,en,template
hello i will be there tomorrow asap,CONFIRM_APPOINTMENT,en,template
hi i will be there tomorrow,CONFIRM_APPOINTMENT,en,template
hi i will be there tomorrow please,CONFIRM_APPOINTMENT,en,template
hi i will be there tomorrow pls,CONFIRM_APPOINTMENT,en,template
hi i will be there tomorrow ??,CONFIRM_APPOINTMENT,en,template
hi i will be there tomorrow asap,CONFIRM_APPOINTMENT,en,template
i will be there asap,CONFIRM_APPOINTMENT,en,template
i will be there asap please,CONFIRM_APPOINTMENT,en,template
i will be there asap pls,CONFIRM_APPOINTMENT,en,template
i will be there asap ??,CONFIRM_APPOINTMENT,en,template
i will be there asap asap,CONFIRM_APPOINTMENT,en,template
pls i will be there asap,CONFIRM_APPOINTMENT,en,template
pls i will be there asap please,CONFIRM_APPOINTMENT,en,template
pls i will be there asap pls,CONFIRM_APPOINTMENT,en,template
pls i will be there asap ??,CONFIRM_APPOINTMENT,en,template
pls i will be there asap asap,CONFIRM_APPOINTMENT,en,template
plz i will be there asap,CONFIRM_APPOINTMENT,en,template
plz i will be there asap please,CONFIRM_APPOINTMENT,en,template
plz i will be there asap pls,CONFIRM_APPOINTMENT,en,template
plz i will be there asap ??,CONFIRM_APPOINTMENT,en,template
plz i will be there asap asap,CONFIRM_APPOINTMENT,en,template
hello i will be there asap,CONFIRM_APPOINTMENT,en,template
hello i will be there asap please,CONFIRM_APPOINTMENT,en,template
hello i will be there asap pls,CONFIRM_APPOINTMENT,en,template
hello i will be there asap ??,CONFIRM_APPOINTMENT,en,template
hello i will be there asap asap,CONFIRM_APPOINTMENT,en,template
hi i will be there asap,CONFIRM_APPOINTMENT,en,template
hi i will be there asap please,CONFIRM_APPOINTMENT,en,template
hi i will be there asap pls,CONFIRM_APPOINTMENT,en,template
hi i will be there asap ??,CONFIRM_APPOINTMENT,en,template
hi i will be there asap asap,CONFIRM_APPOINTMENT,en,template
i will be there this week,CONFIRM_APPOINTMENT,en,template
i will be there this week please,CONFIRM_APPOINTMENT,en,template
i will be there this week pls,CONFIRM_APPOINTMENT,en,template
i will be there this week ??,CONFIRM_APPOINTMENT,en,template
i will be there this week asap,CONFIRM_APPOINTMENT,en,template
where is your clinic please,CLINIC_FAQ,en,template
where is your clinic pls,CLINIC_FAQ,en,template
where is your clinic ??,CLINIC_FAQ,en,template
where is your clinic asap,CLINIC_FAQ,en,template
pls where is your clinic,CLINIC_FAQ,en,template
pls where is your clinic please,CLINIC_FAQ,en,template
pls where is your clinic pls,CLINIC_FAQ,en,template
pls where is your clinic ??,CLINIC_FAQ,en,template
pls where is your clinic asap,CLINIC_FAQ,en,template
plz where is your clinic,CLINIC_FAQ,en,template
plz where is your clinic please,CLINIC_FAQ,en,template
plz where is your clinic pls,CLINIC_FAQ,en,template
plz where is your clinic ??,CLINIC_FAQ,en,template
plz where is your clinic asap,CLINIC_FAQ,en,template
hello where is your clinic,CLINIC_FAQ,en,template
hello where is your clinic please,CLINIC_FAQ,en,template
hello where is your clinic pls,CLINIC_FAQ,en,template
hello where is your clinic ??,CLINIC_FAQ,en,template
hello where is your clinic asap,CLINIC_FAQ,en,template
hi where is your clinic,CLINIC_FAQ,en,template
hi where is your clinic please,CLINIC_FAQ,en,template
hi where is your clinic pls,CLINIC_FAQ,en,template
hi where is your clinic ??,CLINIC_FAQ,en,template
hi where is your clinic asap,CLINIC_FAQ,en,template
how much is cleaning,CLINIC_FAQ,en,template
how much is cleaning please,CLINIC_FAQ,en,template
how much is cleaning pls,CLINIC_FAQ,en,template
how much is cleaning ??,CLINIC_FAQ,en,template
how much is cleaning asap,CLINIC_FAQ,en,template
pls how much is cleaning,CLINIC_FAQ,en,template
pls how much is cleaning please,CLINIC_FAQ,en,template
pls how much is cleaning pls,CLINIC_FAQ,en,template
pls how much is cleaning ??,CLINIC_FAQ,en,template
pls how much is cleaning asap,CLINIC_FAQ,en,template
plz how much is cleaning,CLINIC_FAQ,en,template
plz how much is cleaning please,CLINIC_FAQ,en,template
plz how much is cleaning pls,CLINIC_FAQ,en,template
plz how much is cleaning ??,CLINIC_FAQ,en,template
plz how much is cleaning asap,CLINIC_FAQ,en,template
hello how much is cleaning,CLINIC_FAQ,en,template
hello how much is cleaning please,CLINIC_FAQ,en,template
hello how much is cleaning pls,CLINIC_FAQ,en,template
hello how much is cleaning ??,CLINIC_FAQ,en,template
hello how much is cleaning asap,CLINIC_FAQ,en,template
hi how much is cleaning,CLINIC_FAQ,en,template
hi how much is cleaning please,CLINIC_FAQ,en,template
hi how much is cleaning pls,CLINIC_FAQ,en,template
hi how much is cleaning ??,CLINIC_FAQ,en,template
hi how much is cleaning asap,CLINIC_FAQ,en,template
how much is check-up,CLINIC_FAQ,en,template
how much is check-up please,CLINIC_FAQ,en,template
how much is check-up pls,CLINIC_FAQ,en,template
how much is check-up ??,CLINIC_FAQ,en,template
how much is check-up asap,CLINIC_FAQ,en,template
pls how much is check-up,CLINIC_FAQ,en,template
pls how much is check-up please,CLINIC_FAQ,en,template
pls how much is check-up pls,CLINIC_FAQ,en,template
pls how much is check-up ??,CLINIC_FAQ,en,template
pls how much is check-up asap,CLINIC_FAQ,en,template
plz how much is check-up,CLINIC_FAQ,en,template
plz how much is check-up please,CLINIC_FAQ,en,template
plz how much is check-up pls,CLINIC_FAQ,en,template
plz how much is check-up ??,CLINIC_FAQ,en,template
plz how much is check-up asap,CLINIC_FAQ,en,template
hello how much is check-up,CLINIC_FAQ,en,template
hello how much is check-up please,CLINIC_FAQ,en,template
hello how much is check-up pls,CLINIC_FAQ,en,template
hello how much is check-up ??,CLINIC_FAQ,en,template
hello how much is check-up asap,CLINIC_FAQ,en,template
hi how much is check-up,CLINIC_FAQ,en,template
hi how much is check-up please,CLINIC_FAQ,en,template
hi how much is check-up pls,CLINIC_FAQ,en,template
hi how much is check-up ??,CLINIC_FAQ,en,template
hi how much is check-up asap,CLINIC_FAQ,en,template
how much is root canal,CLINIC_FAQ,en,template
how much is root canal please,CLINIC_FAQ,en,template
how much is root canal pls,CLINIC_FAQ,en,template
how much is root canal ??,CLINIC_FAQ,en,template
how much is root canal asap,CLINIC_FAQ,en,template
pls how much is root canal,CLINIC_FAQ,en,template
pls how much is root canal please,CLINIC_FAQ,en,template
pls how much is root canal pls,CLINIC_FAQ,en,template
pls how much is root canal ??,CLINIC_FAQ,en,template
pls how much is root canal asap,CLINIC_FAQ,en,template
plz how much is root canal,CLINIC_FAQ,en,template
plz how much is root canal please,CLINIC_FAQ,en,template
plz how much is root canal pls,CLINIC_FAQ,en,template
plz how much is root canal ??,CLINIC_FAQ,en,template
plz how much is root canal asap,CLINIC_FAQ,en,template
hello how much is root canal,CLINIC_FAQ,en,template
hello how much is root canal please,CLINIC_FAQ,en,template
hello how much is root canal pls,CLINIC_FAQ,en,template
hello how much is root canal ??,CLINIC_FAQ,en,template
hello how much is root canal asap,CLINIC_FAQ,en,template
hi how much is root canal,CLINIC_FAQ,en,template
hi how much is root canal please,CLINIC_FAQ,en,template
hi how much is root canal pls,CLINIC_FAQ,en,template
hi how much is root canal ??,CLINIC_FAQ,en,template
hi how much is root canal asap,CLINIC_FAQ,en,template
how much is implant consult,CLINIC_FAQ,en,template
how much is implant consult please,CLINIC_FAQ,en,template
how much is implant consult pls,CLINIC_FAQ,en,template
how much is implant consult ??,CLINIC_FAQ,en,template
how much is implant consult asap,CLINIC_FAQ,en,template
pls how much is implant consult,CLINIC_FAQ,en,template
pls how much is implant consult please,CLINIC_FAQ,en,template
pls how much is implant consult pls,CLINIC_FAQ,en,template
pls how much is implant consult ??,CLINIC_FAQ,en,template
pls how much is implant consult asap,CLINIC_FAQ,en,template
plz how much is implant consult,CLINIC_FAQ,en,template
plz how much is implant consult please,CLINIC_FAQ,en,template
plz how much is implant consult pls,CLINIC_FAQ,en,template
plz how much is implant consult ??,CLINIC_FAQ,en,template
plz how much is implant consult asap,CLINIC_FAQ,en,template
hello how much is implant consult,CLINIC_FAQ,en,template
hello how much is implant consult please,CLINIC_FAQ,en,template
hello how much is implant consult pls,CLINIC_FAQ,en,template
hello how much is implant consult ??,CLINIC_FAQ,en,template
hello how much is implant consult asap,CLINIC_FAQ,en,template
hi how much is implant consult,CLINIC_FAQ,en,template
hi how much is implant consult please,CLINIC_FAQ,en,template
hi how much is implant consult pls,CLINIC_FAQ,en,template
hi how much is implant consult ??,CLINIC_FAQ,en,template
hi how much is implant consult asap,CLINIC_FAQ,en,template
how much is laser treatment,CLINIC_FAQ,en,template
how much is laser treatment please,CLINIC_FAQ,en,template
how much is laser treatment pls,CLINIC_FAQ,en,template
how much is laser treatment ??,CLINIC_FAQ,en,template
how much is laser treatment asap,CLINIC_FAQ,en,template
pls how much is laser treatment,CLINIC_FAQ,en,template
pls how much is laser treatment please,CLINIC_FAQ,en,template
pls how much is laser treatment pls,CLINIC_FAQ,en,template
pls how much is laser treatment ??,CLINIC_FAQ,en,template
pls how much is laser treatment asap,CLINIC_FAQ,en,template
plz how much is laser treatment,CLINIC_FAQ,en,template
plz how much is laser treatment please,CLINIC_FAQ,en,template
plz how much is laser treatment pls,CLINIC_FAQ,en,template
plz how much is laser treatment ??,CLINIC_FAQ,en,template
plz how much is laser treatment asap,CLINIC_FAQ,en,template
hello how much is laser treatment,CLINIC_FAQ,en,template
hello how much is laser treatment please,CLINIC_FAQ,en,template
hello how much is laser treatment pls,CLINIC_FAQ,en,template
hello how much is laser treatment ??,CLINIC_FAQ,en,template
hello how much is laser treatment asap,CLINIC_FAQ,en,template
hi how much is laser treatment,CLINIC_FAQ,en,template
hi how much is laser treatment please,CLINIC_FAQ,en,template
hi how much is laser treatment pls,CLINIC_FAQ,en,template
hi how much is laser treatment ??,CLINIC_FAQ,en,template
hi how much is laser treatment asap,CLINIC_FAQ,en,template
do you accept insurance please,CLINIC_FAQ,en,template
do you accept insurance pls,CLINIC_FAQ,en,template
do you accept insurance ??,CLINIC_FAQ,en,template
do you accept insurance asap,CLINIC_FAQ,en,template
pls do you accept insurance,CLINIC_FAQ,en,template
pls do you accept insurance please,CLINIC_FAQ,en,template
pls do you accept insurance pls,CLINIC_FAQ,en,template
pls do you accept insurance ??,CLINIC_FAQ,en,template
pls do you accept insurance asap,CLINIC_FAQ,en,template
plz do you accept insurance,CLINIC_FAQ,en,template
plz do you accept insurance please,CLINIC_FAQ,en,template
plz do you accept insurance pls,CLINIC_FAQ,en,template
plz do you accept insurance ??,CLINIC_FAQ,en,template
plz do you accept insurance asap,CLINIC_FAQ,en,template
hello do you accept insurance,CLINIC_FAQ,en,template
hello do you accept insurance please,CLINIC_FAQ,en,template
hello do you accept insurance pls,CLINIC_FAQ,en,template
hello do you accept insurance ??,CLINIC_FAQ,en,template
hello do you accept insurance asap,CLINIC_FAQ,en,template
hi do you accept insurance,CLINIC_FAQ,en,template
hi do you accept insurance please,CLINIC_FAQ,en,template
hi do you accept insurance pls,CLINIC_FAQ,en,template
hi do you accept insurance ??,CLINIC_FAQ,en,template
hi do you accept insurance asap,CLINIC_FAQ,en,template
what are your opening hours please,CLINIC_FAQ,en,template
what are your opening hours pls,CLINIC_FAQ,en,template
what are your opening hours ??,CLINIC_FAQ,en,template
what are your opening hours asap,CLINIC_FAQ,en,template
pls what are your opening hours,CLINIC_FAQ,en,template
pls what are your opening hours please,CLINIC_FAQ,en,template
pls what are your opening hours pls,CLINIC_FAQ,en,template
pls what are your opening hours ??,CLINIC_FAQ,en,template
pls what are your opening hours asap,CLINIC_FAQ,en,template
plz what are your opening hours,CLINIC_FAQ,en,template
plz what are your opening hours please,CLINIC_FAQ,en,template
plz what are your opening hours pls,CLINIC_FAQ,en,template
plz what are your opening hours ??,CLINIC_FAQ,en,template
plz what are your opening hours asap,CLINIC_FAQ,en,template
hello what are your opening hours,CLINIC_FAQ,en,template
hello what are your opening hours please,CLINIC_FAQ,en,template
hello what are your opening hours pls,CLINIC_FAQ,en,template
hello what are your opening hours ??,CLINIC_FAQ,en,template
hello what are your opening hours asap,CLINIC_FAQ,en,template
hi what are your opening hours,CLINIC_FAQ,en,template
hi what are your opening hours please,CLINIC_FAQ,en,template
hi what are your opening hours pls,CLINIC_FAQ,en,template
hi what are your opening hours ??,CLINIC_FAQ,en,template
hi what are your opening hours asap,CLINIC_FAQ,en,template
i want to know about your location,CLINIC_FAQ,en,template
i want to know about your location please,CLINIC_FAQ,en,template
i want to know about your location pls,CLINIC_FAQ,en,template
i want to know about your location ??,CLINIC_FAQ,en,template
i want to know about your location asap,CLINIC_FAQ,en,template
pls i want to know about your location,CLINIC_FAQ,en,template
pls i want to know about your location please,CLINIC_FAQ,en,template
pls i want to know about your location pls,CLINIC_FAQ,en,template
pls i want to know about your location ??,CLINIC_FAQ,en,template
pls i want to know about your location asap,CLINIC_FAQ,en,template
plz i want to know about your location,CLINIC_FAQ,en,template
plz i want to know about your location please,CLINIC_FAQ,en,template
plz i want to know about your location pls,CLINIC_FAQ,en,template
plz i want to know about your location ??,CLINIC_FAQ,en,template
plz i want to know about your location asap,CLINIC_FAQ,en,template
hello i want to know about your location,CLINIC_FAQ,en,template
hello i want to know about your location please,CLINIC_FAQ,en,template
hello i want to know about your location pls,CLINIC_FAQ,en,template
hello i want to know about your location ??,CLINIC_FAQ,en,template
hello i want to know about your location asap,CLINIC_FAQ,en,template
hi i want to know about your location,CLINIC_FAQ,en,template
hi i want to know about your location please,CLINIC_FAQ,en,template
hi i want to know about your location pls,CLINIC_FAQ,en,template
hi i want to know about your location ??,CLINIC_FAQ,en,template
hi i want to know about your location asap,CLINIC_FAQ,en,template
i want to know about your opening hours,CLINIC_FAQ,en,template
i want to know about your opening hours please,CLINIC_FAQ,en,template
i want to know about your opening hours pls,CLINIC_FAQ,en,template
i want to know about your opening hours ??,CLINIC_FAQ,en,template
i want to know about your opening hours asap,CLINIC_FAQ,en,template
pls i want to know about your opening hours,CLINIC_FAQ,en,template
pls i want to know about your opening hours please,CLINIC_FAQ,en,template
pls i want to know about your opening hours pls,CLINIC_FAQ,en,template
pls i want to know about your opening hours ??,CLINIC_FAQ,en,template
pls i want to know about your opening hours asap,CLINIC_FAQ,en,template
plz i want to know about your opening hours,CLINIC_FAQ,en,template
plz i want to know about your opening hours please,CLINIC_FAQ,en,template
plz i want to know about your opening hours pls,CLINIC_FAQ,en,template
plz i want to know about your opening hours ??,CLINIC_FAQ,en,template
plz i want to know about your opening hours asap,CLINIC_FAQ,en,template
hello i want to know about your opening hours,CLINIC_FAQ,en,template
hello i want to know about your opening hours please,CLINIC_FAQ,en,template
hello i want to know about your opening hours pls,CLINIC_FAQ,en,template
hello i want to know about your opening hours ??,CLINIC_FAQ,en,template
hello i want to know about your opening hours asap,CLINIC_FAQ,en,template
hi i want to know about your opening hours,CLINIC_FAQ,en,template
hi i want to know about your opening hours please,CLINIC_FAQ,en,template
hi i want to know about your opening hours pls,CLINIC_FAQ,en,template
hi i want to know about your opening hours ??,CLINIC_FAQ,en,template
hi i want to know about your opening hours asap,CLINIC_FAQ,en,template
i want to know about your insurance,CLINIC_FAQ,en,template
i want to know about your insurance please,CLINIC_FAQ,en,template
i want to know about your insurance pls,CLINIC_FAQ,en,template
i want to know about your insurance ??,CLINIC_FAQ,en,template
i want to know about your insurance asap,CLINIC_FAQ,en,template
pls i want to know about your insurance,CLINIC_FAQ,en,template
pls i want to know about your insurance please,CLINIC_FAQ,en,template
pls i want to know about your insurance pls,CLINIC_FAQ,en,template
pls i want to know about your insurance ??,CLINIC_FAQ,en,template
pls i want to know about your insurance asap,CLINIC_FAQ,en,template
plz i want to know about your insurance,CLINIC_FAQ,en,template
plz i want to know about your insurance please,CLINIC_FAQ,en,template
plz i want to know about your insurance pls,CLINIC_FAQ,en,template
plz i want to know about your insurance ??,CLINIC_FAQ,en,template
plz i want to know about your insurance asap,CLINIC_FAQ,en,template
hello i want to know about your insurance,CLINIC_FAQ,en,template
hello i want to know about your insurance please,CLINIC_FAQ,en,template
hello i want to know about your insurance pls,CLINIC_FAQ,en,template
hello i want to know about your insurance ??,CLINIC_FAQ,en,template
hello i want to know about your insurance asap,CLINIC_FAQ,en,template
hi i want to know about your insurance,CLINIC_FAQ,en,template
hi i want to know about your insurance please,CLINIC_FAQ,en,template
hi i want to know about your insurance pls,CLINIC_FAQ,en,template
hi i want to know about your insurance ??,CLINIC_FAQ,en,template
hi i want to know about your insurance asap,CLINIC_FAQ,en,template
i want to know about your parking,CLINIC_FAQ,en,template
i want to know about your parking please,CLINIC_FAQ,en,template
i want to know about your parking pls,CLINIC_FAQ,en,template
i want to know about your parking ??,CLINIC_FAQ,en,template
i want to know about your parking asap,CLINIC_FAQ,en,template
pls i want to know about your parking,CLINIC_FAQ,en,template
pls i want to know about your parking please,CLINIC_FAQ,en,template
pls i want to know about your parking pls,CLINIC_FAQ,en,template
pls i want to know about your parking ??,CLINIC_FAQ,en,template
pls i want to know about your parking asap,CLINIC_FAQ,en,template
plz i want to know about your parking,CLINIC_FAQ,en,template
plz i want to know about your parking please,CLINIC_FAQ,en,template
plz i want to know about your parking pls,CLINIC_FAQ,en,template
plz i want to know about your parking ??,CLINIC_FAQ,en,template
plz i want to know about your parking asap,CLINIC_FAQ,en,template
hello i want to know about your parking,CLINIC_FAQ,en,template
hello i want to know about your parking please,CLINIC_FAQ,en,template
hello i want to know about your parking pls,CLINIC_FAQ,en,template
hello i want to know about your parking ??,CLINIC_FAQ,en,template
hello i want to know about your parking asap,CLINIC_FAQ,en,template
hi i want to know about your parking,CLINIC_FAQ,en,template
hi i want to know about your parking please,CLINIC_FAQ,en,template
hi i want to know about your parking pls,CLINIC_FAQ,en,template
hi i want to know about your parking ??,CLINIC_FAQ,en,template
hi i want to know about your parking asap,CLINIC_FAQ,en,template
i want to know about your prices,CLINIC_FAQ,en,template
i want to know about your prices please,CLINIC_FAQ,en,template
i want to know about your prices pls,CLINIC_FAQ,en,template
i want to know about your prices ??,CLINIC_FAQ,en,template
i want to know about your prices asap,CLINIC_FAQ,en,template
pls i want to know about your prices,CLINIC_FAQ,en,template
pls i want to know about your prices please,CLINIC_FAQ,en,template
pls i want to know about your prices pls,CLINIC_FAQ,en,template
pls i want to know about your prices ??,CLINIC_FAQ,en,template
pls i want to know about your prices asap,CLINIC_FAQ,en,template
plz i want to know about your prices,CLINIC_FAQ,en,template
plz i want to know about your prices please,CLINIC_FAQ,en,template
plz i want to know about your prices pls,CLINIC_FAQ,en,template
plz i want to know about your prices ??,CLINIC_FAQ,en,template
plz i want to know about your prices asap,CLINIC_FAQ,en,template
hello i want to know about your prices,CLINIC_FAQ,en,template
hello i want to know about your prices please,CLINIC_FAQ,en,template
hello i want to know about your prices pls,CLINIC_FAQ,en,template
hello i want to know about your prices ??,CLINIC_FAQ,en,template
hello i want to know about your prices asap,CLINIC_FAQ,en,template
hi i want to know about your prices,CLINIC_FAQ,en,template
hi i want to know about your prices please,CLINIC_FAQ,en,template
hi i want to know about your prices pls,CLINIC_FAQ,en,template
hi i want to know about your prices ??,CLINIC_FAQ,en,template
hi i want to know about your prices asap,CLINIC_FAQ,en,template
i want to know about your services,CLINIC_FAQ,en,template
i want to know about your services please,CLINIC_FAQ,en,template
i want to know about your services pls,CLINIC_FAQ,en,template
i want to know about your services ??,CLINIC_FAQ,en,template
i want to know about your services asap,CLINIC_FAQ,en,template
pls i want to know about your services,CLINIC_FAQ,en,template
pls i want to know about your services please,CLINIC_FAQ,en,template
pls i want to know about your services pls,CLINIC_FAQ,en,template
pls i want to know about your services ??,CLINIC_FAQ,en,template
pls i want to know about your services asap,CLINIC_FAQ,en,template
plz i want to know about your services,CLINIC_FAQ,en,template
plz i want to know about your services please,CLINIC_FAQ,en,template
plz i want to know about your services pls,CLINIC_FAQ,en,template
plz i want to know about your services ??,CLINIC_FAQ,en,template
plz i want to know about your services asap,CLINIC_FAQ,en,template
hello i want to know about your services,CLINIC_FAQ,en,template
hello i want to know about your services please,CLINIC_FAQ,en,template
hello i want to know about your services pls,CLINIC_FAQ,en,template
hello i want to know about your services ??,CLINIC_FAQ,en,template
hello i want to know about your services asap,CLINIC_FAQ,en,template
hi i want to know about your services,CLINIC_FAQ,en,template
hi i want to know about your services please,CLINIC_FAQ,en,template
hi i want to know about your services pls,CLINIC_FAQ,en,template
hi i want to know about your services ??,CLINIC_FAQ,en,template
hi i want to know about your services asap,CLINIC_FAQ,en,template
can you tell me about clinic location,CLINIC_FAQ,en,template
can you tell me about clinic location please,CLINIC_FAQ,en,template
can you tell me about clinic location pls,CLINIC_FAQ,en,template
can you tell me about clinic location ??,CLINIC_FAQ,en,template
can you tell me about clinic location asap,CLINIC_FAQ,en,template
pls can you tell me about clinic location,CLINIC_FAQ,en,template
pls can you tell me about clinic location please,CLINIC_FAQ,en,template
pls can you tell me about clinic location pls,CLINIC_FAQ,en,template
pls can you tell me about clinic location ??,CLINIC_FAQ,en,template
pls can you tell me about clinic location asap,CLINIC_FAQ,en,template
plz can you tell me about clinic location,CLINIC_FAQ,en,template
plz can you tell me about clinic location please,CLINIC_FAQ,en,template
plz can you tell me about clinic location pls,CLINIC_FAQ,en,template
plz can you tell me about clinic location ??,CLINIC_FAQ,en,template
plz can you tell me about clinic location asap,CLINIC_FAQ,en,template
hello can you tell me about clinic location,CLINIC_FAQ,en,template
hello can you tell me about clinic location please,CLINIC_FAQ,en,template
hello can you tell me about clinic location pls,CLINIC_FAQ,en,template
hello can you tell me about clinic location ??,CLINIC_FAQ,en,template
hello can you tell me about clinic location asap,CLINIC_FAQ,en,template
hi can you tell me about clinic location,CLINIC_FAQ,en,template
hi can you tell me about clinic location please,CLINIC_FAQ,en,template
hi can you tell me about clinic location pls,CLINIC_FAQ,en,template
hi can you tell me about clinic location ??,CLINIC_FAQ,en,template
hi can you tell me about clinic location asap,CLINIC_FAQ,en,template
can you tell me about clinic opening hours,CLINIC_FAQ,en,template
can you tell me about clinic opening hours please,CLINIC_FAQ,en,template
can you tell me about clinic opening hours pls,CLINIC_FAQ,en,template
can you tell me about clinic opening hours ??,CLINIC_FAQ,en,template
can you tell me about clinic opening hours asap,CLINIC_FAQ,en,template
pls can you tell me about clinic opening hours,CLINIC_FAQ,en,template
pls can you tell me about clinic opening hours please,CLINIC_FAQ,en,template
pls can you tell me about clinic opening hours pls,CLINIC_FAQ,en,template
pls can you tell me about clinic opening hours ??,CLINIC_FAQ,en,template
pls can you tell me about clinic opening hours asap,CLINIC_FAQ,en,template
plz can you tell me about clinic opening hours,CLINIC_FAQ,en,template
plz can you tell me about clinic opening hours please,CLINIC_FAQ,en,template
plz can you tell me about clinic opening hours pls,CLINIC_FAQ,en,template
plz can you tell me about clinic opening hours ??,CLINIC_FAQ,en,template
plz can you tell me about clinic opening hours asap,CLINIC_FAQ,en,template
hello can you tell me about clinic opening hours,CLINIC_FAQ,en,template
hello can you tell me about clinic opening hours please,CLINIC_FAQ,en,template
hello can you tell me about clinic opening hours pls,CLINIC_FAQ,en,template
hello can you tell me about clinic opening hours ??,CLINIC_FAQ,en,template
hello can you tell me about clinic opening hours asap,CLINIC_FAQ,en,template
hi can you tell me about clinic opening hours,CLINIC_FAQ,en,template
hi can you tell me about clinic opening hours please,CLINIC_FAQ,en,template
hi can you tell me about clinic opening hours pls,CLINIC_FAQ,en,template
hi can you tell me about clinic opening hours ??,CLINIC_FAQ,en,template
hi can you tell me about clinic opening hours asap,CLINIC_FAQ,en,template
can you tell me about clinic insurance,CLINIC_FAQ,en,template
can you tell me about clinic insurance please,CLINIC_FAQ,en,template
can you tell me about clinic insurance pls,CLINIC_FAQ,en,template
can you tell me about clinic insurance ??,CLINIC_FAQ,en,template
can you tell me about clinic insurance asap,CLINIC_FAQ,en,template
pls can you tell me about clinic insurance,CLINIC_FAQ,en,template
pls can you tell me about clinic insurance please,CLINIC_FAQ,en,template
pls can you tell me about clinic insurance pls,CLINIC_FAQ,en,template
pls can you tell me about clinic insurance ??,CLINIC_FAQ,en,template
pls can you tell me about clinic insurance asap,CLINIC_FAQ,en,template
plz can you tell me about clinic insurance,CLINIC_FAQ,en,template
plz can you tell me about clinic insurance please,CLINIC_FAQ,en,template
plz can you tell me about clinic insurance pls,CLINIC_FAQ,en,template
plz can you tell me about clinic insurance ??,CLINIC_FAQ,en,template
plz can you tell me about clinic insurance asap,CLINIC_FAQ,en,template
hello can you tell me about clinic insurance,CLINIC_FAQ,en,template
hello can you tell me about clinic insurance please,CLINIC_FAQ,en,template
hello can you tell me about clinic insurance pls,CLINIC_FAQ,en,template
hello can you tell me about clinic insurance ??,CLINIC_FAQ,en,template
hello can you tell me about clinic insurance asap,CLINIC_FAQ,en,template
hi can you tell me about clinic insurance,CLINIC_FAQ,en,template
hi can you tell me about clinic insurance please,CLINIC_FAQ,en,template
hi can you tell me about clinic insurance pls,CLINIC_FAQ,en,template
hi can you tell me about clinic insurance ??,CLINIC_FAQ,en,template
hi can you tell me about clinic insurance asap,CLINIC_FAQ,en,template
can you tell me about clinic parking,CLINIC_FAQ,en,template
can you tell me about clinic parking please,CLINIC_FAQ,en,template
can you tell me about clinic parking pls,CLINIC_FAQ,en,template
can you tell me about clinic parking ??,CLINIC_FAQ,en,template
can you tell me about clinic parking asap,CLINIC_FAQ,en,template
pls can you tell me about clinic parking,CLINIC_FAQ,en,template
pls can you tell me about clinic parking please,CLINIC_FAQ,en,template
pls can you tell me about clinic parking pls,CLINIC_FAQ,en,template
pls can you tell me about clinic parking ??,CLINIC_FAQ,en,template
pls can you tell me about clinic parking asap,CLINIC_FAQ,en,template
plz can you tell me about clinic parking,CLINIC_FAQ,en,template
plz can you tell me about clinic parking please,CLINIC_FAQ,en,template
plz can you tell me about clinic parking pls,CLINIC_FAQ,en,template
plz can you tell me about clinic parking ??,CLINIC_FAQ,en,template
plz can you tell me about clinic parking asap,CLINIC_FAQ,en,template
hello can you tell me about clinic parking,CLINIC_FAQ,en,template
hello can you tell me about clinic parking please,CLINIC_FAQ,en,template
hello can you tell me about clinic parking pls,CLINIC_FAQ,en,template
hello can you tell me about clinic parking ??,CLINIC_FAQ,en,template
hello can you tell me about clinic parking asap,CLINIC_FAQ,en,template
hi can you tell me about clinic parking,CLINIC_FAQ,en,template
hi can you tell me about clinic parking please,CLINIC_FAQ,en,template
hi can you tell me about clinic parking pls,CLINIC_FAQ,en,template
hi can you tell me about clinic parking ??,CLINIC_FAQ,en,template
hi can you tell me about clinic parking asap,CLINIC_FAQ,en,template
can you tell me about clinic prices,CLINIC_FAQ,en,template
can you tell me about clinic prices please,CLINIC_FAQ,en,template
can you tell me about clinic prices pls,CLINIC_FAQ,en,template
can you tell me about clinic prices ??,CLINIC_FAQ,en,template
can you tell me about clinic prices asap,CLINIC_FAQ,en,template
pls can you tell me about clinic prices,CLINIC_FAQ,en,template
pls can you tell me about clinic prices please,CLINIC_FAQ,en,template
pls can you tell me about clinic prices pls,CLINIC_FAQ,en,template
pls can you tell me about clinic prices ??,CLINIC_FAQ,en,template
pls can you tell me about clinic prices asap,CLINIC_FAQ,en,template
plz can you tell me about clinic prices,CLINIC_FAQ,en,template
plz can you tell me about clinic prices please,CLINIC_FAQ,en,template
plz can you tell me about clinic prices pls,CLINIC_FAQ,en,template
plz can you tell me about clinic prices ??,CLINIC_FAQ,en,template
plz can you tell me about clinic prices asap,CLINIC_FAQ,en,template
hello can you tell me about clinic prices,CLINIC_FAQ,en,template
hello can you tell me about clinic prices please,CLINIC_FAQ,en,template
hello can you tell me about clinic prices pls,CLINIC_FAQ,en,template
hello can you tell me about clinic prices ??,CLINIC_FAQ,en,template
hello can you tell me about clinic prices asap,CLINIC_FAQ,en,template
hi can you tell me about clinic prices,CLINIC_FAQ,en,template
hi can you tell me about clinic prices please,CLINIC_FAQ,en,template
hi can you tell me about clinic prices pls,CLINIC_FAQ,en,template
hi can you tell me about clinic prices ??,CLINIC_FAQ,en,template
hi can you tell me about clinic prices asap,CLINIC_FAQ,en,template
can you tell me about clinic services,CLINIC_FAQ,en,template
can you tell me about clinic services please,CLINIC_FAQ,en,template
can you tell me about clinic services pls,CLINIC_FAQ,en,template
can you tell me about clinic services ??,CLINIC_FAQ,en,template
can you tell me about clinic services asap,CLINIC_FAQ,en,template
pls can you tell me about clinic services,CLINIC_FAQ,en,template
pls can you tell me about clinic services please,CLINIC_FAQ,en,template
pls can you tell me about clinic services pls,CLINIC_FAQ,en,template
pls can you tell me about clinic services ??,CLINIC_FAQ,en,template
pls can you tell me about clinic services asap,CLINIC_FAQ,en,template
plz can you tell me about clinic services,CLINIC_FAQ,en,template
plz can you tell me about clinic services please,CLINIC_FAQ,en,template
plz can you tell me about clinic services pls,CLINIC_FAQ,en,template
plz can you tell me about clinic services ??,CLINIC_FAQ,en,template
plz can you tell me about clinic services asap,CLINIC_FAQ,en,template
hello can you tell me about clinic services,CLINIC_FAQ,en,template
hello can you tell me about clinic services please,CLINIC_FAQ,en,template
hello can you tell me about clinic services pls,CLINIC_FAQ,en,template
hello can you tell me about clinic services ??,CLINIC_FAQ,en,template
hello can you tell me about clinic services asap,CLINIC_FAQ,en,template
hi can you tell me about clinic services,CLINIC_FAQ,en,template
hi can you tell me about clinic services please,CLINIC_FAQ,en,template
hi can you tell me about clinic services pls,CLINIC_FAQ,en,template
hi can you tell me about clinic services ??,CLINIC_FAQ,en,template
hi can you tell me about clinic services asap,CLINIC_FAQ,en,template
do you have location information,CLINIC_FAQ,en,template
do you have location information please,CLINIC_FAQ,en,template
do you have location information pls,CLINIC_FAQ,en,template
do you have location information ??,CLINIC_FAQ,en,template
do you have location information asap,CLINIC_FAQ,en,template
pls do you have location information,CLINIC_FAQ,en,template
pls do you have location information please,CLINIC_FAQ,en,template
pls do you have location information pls,CLINIC_FAQ,en,template
pls do you have location information ??,CLINIC_FAQ,en,template
pls do you have location information asap,CLINIC_FAQ,en,template
plz do you have location information,CLINIC_FAQ,en,template
plz do you have location information please,CLINIC_FAQ,en,template
plz do you have location information pls,CLINIC_FAQ,en,template
plz do you have location information ??,CLINIC_FAQ,en,template
plz do you have location information asap,CLINIC_FAQ,en,template
hello do you have location information,CLINIC_FAQ,en,template
hello do you have location information please,CLINIC_FAQ,en,template
hello do you have location information pls,CLINIC_FAQ,en,template
hello do you have location information ??,CLINIC_FAQ,en,template
hello do you have location information asap,CLINIC_FAQ,en,template
hi do you have location information,CLINIC_FAQ,en,template
hi do you have location information please,CLINIC_FAQ,en,template
hi do you have location information pls,CLINIC_FAQ,en,template
hi do you have location information ??,CLINIC_FAQ,en,template
hi do you have location information asap,CLINIC_FAQ,en,template
do you have opening hours information,CLINIC_FAQ,en,template
do you have opening hours information please,CLINIC_FAQ,en,template
do you have opening hours information pls,CLINIC_FAQ,en,template
do you have opening hours information ??,CLINIC_FAQ,en,template
do you have opening hours information asap,CLINIC_FAQ,en,template
pls do you have opening hours information,CLINIC_FAQ,en,template
pls do you have opening hours information please,CLINIC_FAQ,en,template
pls do you have opening hours information pls,CLINIC_FAQ,en,template
pls do you have opening hours information ??,CLINIC_FAQ,en,template
pls do you have opening hours information asap,CLINIC_FAQ,en,template
plz do you have opening hours information,CLINIC_FAQ,en,template
plz do you have opening hours information please,CLINIC_FAQ,en,template
plz do you have opening hours information pls,CLINIC_FAQ,en,template
plz do you have opening hours information ??,CLINIC_FAQ,en,template
plz do you have opening hours information asap,CLINIC_FAQ,en,template
hello do you have opening hours information,CLINIC_FAQ,en,template
hello do you have opening hours information please,CLINIC_FAQ,en,template
hello do you have opening hours information pls,CLINIC_FAQ,en,template
hello do you have opening hours information ??,CLINIC_FAQ,en,template
hello do you have opening hours information asap,CLINIC_FAQ,en,template
hi do you have opening hours information,CLINIC_FAQ,en,template
hi do you have opening hours information please,CLINIC_FAQ,en,template
hi do you have opening hours information pls,CLINIC_FAQ,en,template
hi do you have opening hours information ??,CLINIC_FAQ,en,template
hi do you have opening hours information asap,CLINIC_FAQ,en,template
do you have insurance information,CLINIC_FAQ,en,template
do you have insurance information please,CLINIC_FAQ,en,template
do you have insurance information pls,CLINIC_FAQ,en,template
do you have insurance information ??,CLINIC_FAQ,en,template
do you have insurance information asap,CLINIC_FAQ,en,template
pls do you have insurance information,CLINIC_FAQ,en,template
pls do you have insurance information please,CLINIC_FAQ,en,template
pls do you have insurance information pls,CLINIC_FAQ,en,template
pls do you have insurance information ??,CLINIC_FAQ,en,template
pls do you have insurance information asap,CLINIC_FAQ,en,template
plz do you have insurance information,CLINIC_FAQ,en,template
plz do you have insurance information please,CLINIC_FAQ,en,template
plz do you have insurance information pls,CLINIC_FAQ,en,template
plz do you have insurance information ??,CLINIC_FAQ,en,template
plz do you have insurance information asap,CLINIC_FAQ,en,template
hello do you have insurance information,CLINIC_FAQ,en,template
hello do you have insurance information please,CLINIC_FAQ,en,template
hello do you have insurance information pls,CLINIC_FAQ,en,template
hello do you have insurance information ??,CLINIC_FAQ,en,template
hello do you have insurance information asap,CLINIC_FAQ,en,template
hi do you have insurance information,CLINIC_FAQ,en,template
hi do you have insurance information please,CLINIC_FAQ,en,template
hi do you have insurance information pls,CLINIC_FAQ,en,template
hi do you have insurance information ??,CLINIC_FAQ,en,template
hi do you have insurance information asap,CLINIC_FAQ,en,template
do you have parking information,CLINIC_FAQ,en,template
do you have parking information please,CLINIC_FAQ,en,template
do you have parking information pls,CLINIC_FAQ,en,template
do you have parking information ??,CLINIC_FAQ,en,template
do you have parking information asap,CLINIC_FAQ,en,template
hello please,GREETING,en,template
hello pls,GREETING,en,template
hello ??,GREETING,en,template
hello asap,GREETING,en,template
pls hello,GREETING,en,template
pls hello please,GREETING,en,template
pls hello pls,GREETING,en,template
pls hello ??,GREETING,en,template
pls hello asap,GREETING,en,template
plz hello,GREETING,en,template
plz hello please,GREETING,en,template
plz hello pls,GREETING,en,template
plz hello ??,GREETING,en,template
plz hello asap,GREETING,en,template
hello hello,GREETING,en,template
hello hello please,GREETING,en,template
hello hello pls,GREETING,en,template
hello hello ??,GREETING,en,template
hello hello asap,GREETING,en,template
hi hello,GREETING,en,template
hi hello please,GREETING,en,template
hi hello pls,GREETING,en,template
hi hello ??,GREETING,en,template
hi hello asap,GREETING,en,template
hi clinic please,GREETING,en,template
hi clinic pls,GREETING,en,template
hi clinic ??,GREETING,en,template
hi clinic asap,GREETING,en,template
pls hi clinic,GREETING,en,template
pls hi clinic please,GREETING,en,template
pls hi clinic pls,GREETING,en,template
pls hi clinic ??,GREETING,en,template
pls hi clinic asap,GREETING,en,template
plz hi clinic,GREETING,en,template
plz hi clinic please,GREETING,en,template
plz hi clinic pls,GREETING,en,template
plz hi clinic ??,GREETING,en,template
plz hi clinic asap,GREETING,en,template
hello hi clinic,GREETING,en,template
hello hi clinic please,GREETING,en,template
hello hi clinic pls,GREETING,en,template
hello hi clinic ??,GREETING,en,template
hello hi clinic asap,GREETING,en,template
hi hi clinic,GREETING,en,template
hi hi clinic please,GREETING,en,template
hi hi clinic pls,GREETING,en,template
hi hi clinic ??,GREETING,en,template
hi hi clinic asap,GREETING,en,template
good morning please,GREETING,en,template
good morning pls,GREETING,en,template
good morning ??,GREETING,en,template
good morning asap,GREETING,en,template
pls good morning,GREETING,en,template
pls good morning please,GREETING,en,template
pls good morning pls,GREETING,en,template
pls good morning ??,GREETING,en,template
pls good morning asap,GREETING,en,template
plz good morning,GREETING,en,template
plz good morning please,GREETING,en,template
plz good morning pls,GREETING,en,template
plz good morning ??,GREETING,en,template
plz good morning asap,GREETING,en,template
hello good morning,GREETING,en,template
hello good morning please,GREETING,en,template
hello good morning pls,GREETING,en,template
hello good morning ??,GREETING,en,template
hello good morning asap,GREETING,en,template
hi good morning,GREETING,en,template
hi good morning please,GREETING,en,template
hi good morning pls,GREETING,en,template
hi good morning ??,GREETING,en,template
hi good morning asap,GREETING,en,template
hi please,GREETING,en,template
hi pls,GREETING,en,template
hi ??,GREETING,en,template
hi asap,GREETING,en,template
pls hi,GREETING,en,template
pls hi please,GREETING,en,template
pls hi pls,GREETING,en,template
pls hi ??,GREETING,en,template
pls hi asap,GREETING,en,template
plz hi,GREETING,en,template
plz hi please,GREETING,en,template
plz hi pls,GREETING,en,template
plz hi ??,GREETING,en,template
plz hi asap,GREETING,en,template
hello hi,GREETING,en,template
hello hi please,GREETING,en,template
hello hi pls,GREETING,en,template
hello hi ??,GREETING,en,template
hello hi asap,GREETING,en,template
hi hi,GREETING,en,template
hi hi please,GREETING,en,template
hi hi pls,GREETING,en,template
hi hi ??,GREETING,en,template
hi hi asap,GREETING,en,template
hey,GREETING,en,template
hey please,GREETING,en,template
hey pls,GREETING,en,template
hey ??,GREETING,en,template
hey asap,GREETING,en,template
pls hey,GREETING,en,template
pls hey please,GREETING,en,template
pls hey pls,GREETING,en,template
pls hey ??,GREETING,en,template
pls hey asap,GREETING,en,template
plz hey,GREETING,en,template
plz hey please,GREETING,en,template
plz hey pls,GREETING,en,template
plz hey ??,GREETING,en,template
plz hey asap,GREETING,en,template
hello hey,GREETING,en,template
hello hey please,GREETING,en,template
hello hey pls,GREETING,en,template
hello hey ??,GREETING,en,template
hello hey asap,GREETING,en,template
hi hey,GREETING,en,template
hi hey please,GREETING,en,template
hi hey pls,GREETING,en,template
hi hey ??,GREETING,en,template
hi hey asap,GREETING,en,template
good evening please,GREETING,en,template
good evening pls,GREETING,en,template
good evening ??,GREETING,en,template
good evening asap,GREETING,en,template
pls good evening,GREETING,en,template
pls good evening please,GREETING,en,template
pls good evening pls,GREETING,en,template
pls good evening ??,GREETING,en,template
pls good evening asap,GREETING,en,template
plz good evening,GREETING,en,template
plz good evening please,GREETING,en,template
plz good evening pls,GREETING,en,template
plz good evening ??,GREETING,en,template
plz good evening asap,GREETING,en,template
hello good evening,GREETING,en,template
hello good evening please,GREETING,en,template
hello good evening pls,GREETING,en,template
hello good evening ??,GREETING,en,template
hello good evening asap,GREETING,en,template
hi good evening,GREETING,en,template
hi good evening please,GREETING,en,template
hi good evening pls,GREETING,en,template
hi good evening ??,GREETING,en,template
hi good evening asap,GREETING,en,template
salam please,GREETING,en,template
salam pls,GREETING,en,template
salam ??,GREETING,en,template
salam asap,GREETING,en,template
pls salam,GREETING,en,template
pls salam please,GREETING,en,template
pls salam pls,GREETING,en,template
pls salam ??,GREETING,en,template
pls salam asap,GREETING,en,template
plz salam,GREETING,en,template
plz salam please,GREETING,en,template
plz salam pls,GREETING,en,template
plz salam ??,GREETING,en,template
plz salam asap,GREETING,en,template
hello salam,GREETING,en,template
hello salam please,GREETING,en,template
hello salam pls,GREETING,en,template
hello salam ??,GREETING,en,template
hello salam asap,GREETING,en,template
hi salam,GREETING,en,template
hi salam please,GREETING,en,template
hi salam pls,GREETING,en,template
hi salam ??,GREETING,en,template
hi salam asap,GREETING,en,template
hello clinic,GREETING,en,template
hello clinic please,GREETING,en,template
hello clinic pls,GREETING,en,template
hello clinic ??,GREETING,en,template
hello clinic asap,GREETING,en,template
pls hello clinic,GREETING,en,template
pls hello clinic please,GREETING,en,template
pls hello clinic pls,GREETING,en,template
pls hello clinic ??,GREETING,en,template
pls hello clinic asap,GREETING,en,template
plz hello clinic,GREETING,en,template
plz hello clinic please,GREETING,en,template
plz hello clinic pls,GREETING,en,template
plz hello clinic ??,GREETING,en,template
plz hello clinic asap,GREETING,en,template
hello hello clinic,GREETING,en,template
hello hello clinic please,GREETING,en,template
hello hello clinic pls,GREETING,en,template
hello hello clinic ??,GREETING,en,template
hello hello clinic asap,GREETING,en,template
hi hello clinic,GREETING,en,template
hi hello clinic please,GREETING,en,template
hi hello clinic pls,GREETING,en,template
hi hello clinic ??,GREETING,en,template
hi hello clinic asap,GREETING,en,template
hey clinic,GREETING,en,template
hey clinic please,GREETING,en,template
hey clinic pls,GREETING,en,template
hey clinic ??,GREETING,en,template
hey clinic asap,GREETING,en,template
pls hey clinic,GREETING,en,template
pls hey clinic please,GREETING,en,template
pls hey clinic pls,GREETING,en,template
pls hey clinic ??,GREETING,en,template
pls hey clinic asap,GREETING,en,template
plz hey clinic,GREETING,en,template
plz hey clinic please,GREETING,en,template
plz hey clinic pls,GREETING,en,template
plz hey clinic ??,GREETING,en,template
plz hey clinic asap,GREETING,en,template
hello hey clinic,GREETING,en,template
hello hey clinic please,GREETING,en,template
hello hey clinic pls,GREETING,en,template
hello hey clinic ??,GREETING,en,template
hello hey clinic asap,GREETING,en,template
hi hey clinic,GREETING,en,template
hi hey clinic please,GREETING,en,template
hi hey clinic pls,GREETING,en,template
hi hey clinic ??,GREETING,en,template
hi hey clinic asap,GREETING,en,template
good morning clinic,GREETING,en,template
good morning clinic please,GREETING,en,template
good morning clinic pls,GREETING,en,template
good morning clinic ??,GREETING,en,template
good morning clinic asap,GREETING,en,template
pls good morning clinic,GREETING,en,template
pls good morning clinic please,GREETING,en,template
pls good morning clinic pls,GREETING,en,template
pls good morning clinic ??,GREETING,en,template
pls good morning clinic asap,GREETING,en,template
plz good morning clinic,GREETING,en,template
plz good morning clinic please,GREETING,en,template
plz good morning clinic pls,GREETING,en,template
plz good morning clinic ??,GREETING,en,template
plz good morning clinic asap,GREETING,en,template
hello good morning clinic,GREETING,en,template
hello good morning clinic please,GREETING,en,template
hello good morning clinic pls,GREETING,en,template
hello good morning clinic ??,GREETING,en,template
hello good morning clinic asap,GREETING,en,template
hi good morning clinic,GREETING,en,template
hi good morning clinic please,GREETING,en,template
hi good morning clinic pls,GREETING,en,template
hi good morning clinic ??,GREETING,en,template
hi good morning clinic asap,GREETING,en,template
good evening clinic,GREETING,en,template
good evening clinic please,GREETING,en,template
good evening clinic pls,GREETING,en,template
good evening clinic ??,GREETING,en,template
good evening clinic asap,GREETING,en,template
pls good evening clinic,GREETING,en,template
pls good evening clinic please,GREETING,en,template
pls good evening clinic pls,GREETING,en,template
pls good evening clinic ??,GREETING,en,template
pls good evening clinic asap,GREETING,en,template
plz good evening clinic,GREETING,en,template
plz good evening clinic please,GREETING,en,template
plz good evening clinic pls,GREETING,en,template
plz good evening clinic ??,GREETING,en,template
plz good evening clinic asap,GREETING,en,template
hello good evening clinic,GREETING,en,template
hello good evening clinic please,GREETING,en,template
hello good evening clinic pls,GREETING,en,template
hello good evening clinic ??,GREETING,en,template
hello good evening clinic asap,GREETING,en,template
hi good evening clinic,GREETING,en,template
hi good evening clinic please,GREETING,en,template
hi good evening clinic pls,GREETING,en,template
hi good evening clinic ??,GREETING,en,template
hi good evening clinic asap,GREETING,en,template
salam clinic,GREETING,en,template
salam clinic please,GREETING,en,template
salam clinic pls,GREETING,en,template
salam clinic ??,GREETING,en,template
salam clinic asap,GREETING,en,template
pls salam clinic,GREETING,en,template
pls salam clinic please,GREETING,en,template
pls salam clinic pls,GREETING,en,template
pls salam clinic ??,GREETING,en,template
pls salam clinic asap,GREETING,en,template
plz salam clinic,GREETING,en,template
plz salam clinic please,GREETING,en,template
plz salam clinic pls,GREETING,en,template
plz salam clinic ??,GREETING,en,template
plz salam clinic asap,GREETING,en,template
hello salam clinic,GREETING,en,template
hello salam clinic please,GREETING,en,template
hello salam clinic pls,GREETING,en,template
hello salam clinic ??,GREETING,en,template
hello salam clinic asap,GREETING,en,template
hi salam clinic,GREETING,en,template
hi salam clinic please,GREETING,en,template
hi salam clinic pls,GREETING,en,template
hi salam clinic ??,GREETING,en,template
hi salam clinic asap,GREETING,en,template
hello doctor please,GREETING,en,template
hello doctor pls,GREETING,en,template
hello doctor ??,GREETING,en,template
hello doctor asap,GREETING,en,template
pls hello doctor,GREETING,en,template
pls hello doctor please,GREETING,en,template
pls hello doctor pls,GREETING,en,template
pls hello doctor ??,GREETING,en,template
pls hello doctor asap,GREETING,en,template
plz hello doctor,GREETING,en,template
plz hello doctor please,GREETING,en,template
plz hello doctor pls,GREETING,en,template
plz hello doctor ??,GREETING,en,template
plz hello doctor asap,GREETING,en,template
hello hello doctor,GREETING,en,template
hello hello doctor please,GREETING,en,template
hello hello doctor pls,GREETING,en,template
hello hello doctor ??,GREETING,en,template
hello hello doctor asap,GREETING,en,template
hi hello doctor,GREETING,en,template
hi hello doctor please,GREETING,en,template
hi hello doctor pls,GREETING,en,template
hi hello doctor ??,GREETING,en,template
hi hello doctor asap,GREETING,en,template
hi doctor,GREETING,en,template
hi doctor please,GREETING,en,template
hi doctor pls,GREETING,en,template
hi doctor ??,GREETING,en,template
hi doctor asap,GREETING,en,template
pls hi doctor,GREETING,en,template
pls hi doctor please,GREETING,en,template
pls hi doctor pls,GREETING,en,template
pls hi doctor ??,GREETING,en,template
pls hi doctor asap,GREETING,en,template
plz hi doctor,GREETING,en,template
plz hi doctor please,GREETING,en,template
plz hi doctor pls,GREETING,en,template
plz hi doctor ??,GREETING,en,template
plz hi doctor asap,GREETING,en,template
hello hi doctor,GREETING,en,template
hello hi doctor please,GREETING,en,template
hello hi doctor pls,GREETING,en,template
hello hi doctor ??,GREETING,en,template
hello hi doctor asap,GREETING,en,template
hi hi doctor,GREETING,en,template
hi hi doctor please,GREETING,en,template
hi hi doctor pls,GREETING,en,template
hi hi doctor ??,GREETING,en,template
hi hi doctor asap,GREETING,en,template
hey doctor,GREETING,en,template
hey doctor please,GREETING,en,template
hey doctor pls,GREETING,en,template
hey doctor ??,GREETING,en,template
hey doctor asap,GREETING,en,template
pls hey doctor,GREETING,en,template
pls hey doctor please,GREETING,en,template
pls hey doctor pls,GREETING,en,template
pls hey doctor ??,GREETING,en,template
pls hey doctor asap,GREETING,en,template
plz hey doctor,GREETING,en,template
plz hey doctor please,GREETING,en,template
plz hey doctor pls,GREETING,en,template
plz hey doctor ??,GREETING,en,template
plz hey doctor asap,GREETING,en,template
hello hey doctor,GREETING,en,template
hello hey doctor please,GREETING,en,template
hello hey doctor pls,GREETING,en,template
hello hey doctor ??,GREETING,en,template
hello hey doctor asap,GREETING,en,template
hi hey doctor,GREETING,en,template
hi hey doctor please,GREETING,en,template
hi hey doctor pls,GREETING,en,template
hi hey doctor ??,GREETING,en,template
hi hey doctor asap,GREETING,en,template
good morning doctor,GREETING,en,template
good morning doctor please,GREETING,en,template
good morning doctor pls,GREETING,en,template
good morning doctor ??,GREETING,en,template
good morning doctor asap,GREETING,en,template
pls good morning doctor,GREETING,en,template
pls good morning doctor please,GREETING,en,template
pls good morning doctor pls,GREETING,en,template
pls good morning doctor ??,GREETING,en,template
pls good morning doctor asap,GREETING,en,template
plz good morning doctor,GREETING,en,template
plz good morning doctor please,GREETING,en,template
plz good morning doctor pls,GREETING,en,template
plz good morning doctor ??,GREETING,en,template
plz good morning doctor asap,GREETING,en,template
hello good morning doctor,GREETING,en,template
hello good morning doctor please,GREETING,en,template
hello good morning doctor pls,GREETING,en,template
hello good morning doctor ??,GREETING,en,template
hello good morning doctor asap,GREETING,en,template
hi good morning doctor,GREETING,en,template
hi good morning doctor please,GREETING,en,template
hi good morning doctor pls,GREETING,en,template
hi good morning doctor ??,GREETING,en,template
hi good morning doctor asap,GREETING,en,template
good evening doctor,GREETING,en,template
good evening doctor please,GREETING,en,template
good evening doctor pls,GREETING,en,template
good evening doctor ??,GREETING,en,template
good evening doctor asap,GREETING,en,template
pls good evening doctor,GREETING,en,template
pls good evening doctor please,GREETING,en,template
pls good evening doctor pls,GREETING,en,template
pls good evening doctor ??,GREETING,en,template
pls good evening doctor asap,GREETING,en,template
plz good evening doctor,GREETING,en,template
plz good evening doctor please,GREETING,en,template
plz good evening doctor pls,GREETING,en,template
plz good evening doctor ??,GREETING,en,template
plz good evening doctor asap,GREETING,en,template
hello good evening doctor,GREETING,en,template
hello good evening doctor please,GREETING,en,template
hello good evening doctor pls,GREETING,en,template
hello good evening doctor ??,GREETING,en,template
hello good evening doctor asap,GREETING,en,template
hi good evening doctor,GREETING,en,template
hi good evening doctor please,GREETING,en,template
hi good evening doctor pls,GREETING,en,template
hi good evening doctor ??,GREETING,en,template
hi good evening doctor asap,GREETING,en,template
salam doctor,GREETING,en,template
salam doctor please,GREETING,en,template
salam doctor pls,GREETING,en,template
salam doctor ??,GREETING,en,template
salam doctor asap,GREETING,en,template
pls salam doctor,GREETING,en,template
pls salam doctor please,GREETING,en,template
pls salam doctor pls,GREETING,en,template
pls salam doctor ??,GREETING,en,template
pls salam doctor asap,GREETING,en,template
plz salam doctor,GREETING,en,template
plz salam doctor please,GREETING,en,template
plz salam doctor pls,GREETING,en,template
plz salam doctor ??,GREETING,en,template
plz salam doctor asap,GREETING,en,template
hello salam doctor,GREETING,en,template
hello salam doctor please,GREETING,en,template
hello salam doctor pls,GREETING,en,template
hello salam doctor ??,GREETING,en,template
hello salam doctor asap,GREETING,en,template
hi salam doctor,GREETING,en,template
hi salam doctor please,GREETING,en,template
hi salam doctor pls,GREETING,en,template
hi salam doctor ??,GREETING,en,template
hi salam doctor asap,GREETING,en,template
السلام عليكم please,GREETING,ar_msa,template
السلام عليكم pls,GREETING,ar_msa,template
السلام عليكم ??,GREETING,ar_msa,template
السلام عليكم asap,GREETING,ar_msa,template
pls السلام عليكم,GREETING,ar_msa,template
pls السلام عليكم please,GREETING,ar_msa,template
pls السلام عليكم pls,GREETING,ar_msa,template
pls السلام عليكم ??,GREETING,ar_msa,template
pls السلام عليكم asap,GREETING,ar_msa,template
plz السلام عليكم,GREETING,ar_msa,template
plz السلام عليكم please,GREETING,ar_msa,template
plz السلام عليكم pls,GREETING,ar_msa,template
plz السلام عليكم ??,GREETING,ar_msa,template
plz السلام عليكم asap,GREETING,ar_msa,template
hello السلام عليكم,GREETING,ar_msa,template
hello السلام عليكم please,GREETING,ar_msa,template
hello السلام عليكم pls,GREETING,ar_msa,template
hello السلام عليكم ??,GREETING,ar_msa,template
hello السلام عليكم asap,GREETING,ar_msa,template
hi السلام عليكم,GREETING,ar_msa,template
hi السلام عليكم please,GREETING,ar_msa,template
hi السلام عليكم pls,GREETING,ar_msa,template
hi السلام عليكم ??,GREETING,ar_msa,template
hi السلام عليكم asap,GREETING,ar_msa,template
مرحبا please,GREETING,ar_msa,template
مرحبا pls,GREETING,ar_msa,template
مرحبا ??,GREETING,ar_msa,template
مرحبا asap,GREETING,ar_msa,template
pls مرحبا,GREETING,ar_msa,template
pls مرحبا please,GREETING,ar_msa,template
pls مرحبا pls,GREETING,ar_msa,template
pls مرحبا ??,GREETING,ar_msa,template
pls مرحبا asap,GREETING,ar_msa,template
plz مرحبا,GREETING,ar_msa,template
plz مرحبا please,GREETING,ar_msa,template
plz مرحبا pls,GREETING,ar_msa,template
plz مرحبا ??,GREETING,ar_msa,template
plz مرحبا asap,GREETING,ar_msa,template
hello مرحبا,GREETING,ar_msa,template
hello مرحبا please,GREETING,ar_msa,template
hello مرحبا pls,GREETING,ar_msa,template
hello مرحبا ??,GREETING,ar_msa,template
hello مرحبا asap,GREETING,ar_msa,template
hi مرحبا,GREETING,ar_msa,template
hi مرحبا please,GREETING,ar_msa,template
hi مرحبا pls,GREETING,ar_msa,template
hi مرحبا ??,GREETING,ar_msa,template
hi مرحبا asap,GREETING,ar_msa,template
أهلا please,GREETING,ar_msa,template
أهلا pls,GREETING,ar_msa,template
أهلا ??,GREETING,ar_msa,template
أهلا asap,GREETING,ar_msa,template
pls أهلا,GREETING,ar_msa,template
pls أهلا please,GREETING,ar_msa,template
pls أهلا pls,GREETING,ar_msa,template
pls أهلا ??,GREETING,ar_msa,template
pls أهلا asap,GREETING,ar_msa,template
plz أهلا,GREETING,ar_msa,template
plz أهلا please,GREETING,ar_msa,template
plz أهلا pls,GREETING,ar_msa,template
plz أهلا ??,GREETING,ar_msa,template
plz أهلا asap,GREETING,ar_msa,template
hello أهلا,GREETING,ar_msa,template
hello أهلا please,GREETING,ar_msa,template
hello أهلا pls,GREETING,ar_msa,template
hello أهلا ??,GREETING,ar_msa,template
hello أهلا asap,GREETING,ar_msa,template
hi أهلا,GREETING,ar_msa,template
hi أهلا please,GREETING,ar_msa,template
hi أهلا pls,GREETING,ar_msa,template
hi أهلا ??,GREETING,ar_msa,template
hi أهلا asap,GREETING,ar_msa,template
هلا please,GREETING,ar_msa,template
هلا pls,GREETING,ar_msa,template
هلا ??,GREETING,ar_msa,template
هلا asap,GREETING,ar_msa,template
pls هلا,GREETING,ar_msa,template
pls هلا please,GREETING,ar_msa,template
pls هلا pls,GREETING,ar_msa,template
pls هلا ??,GREETING,ar_msa,template
pls هلا asap,GREETING,ar_msa,template
plz هلا,GREETING,ar_msa,template
plz هلا please,GREETING,ar_msa,template
plz هلا pls,GREETING,ar_msa,template
plz هلا ??,GREETING,ar_msa,template
plz هلا asap,GREETING,ar_msa,template
hello هلا,GREETING,ar_msa,template
hello هلا please,GREETING,ar_msa,template
hello هلا pls,GREETING,ar_msa,template
hello هلا ??,GREETING,ar_msa,template
hello هلا asap,GREETING,ar_msa,template
hi هلا,GREETING,ar_msa,template
hi هلا please,GREETING,ar_msa,template
hi هلا pls,GREETING,ar_msa,template
hi هلا ??,GREETING,ar_msa,template
hi هلا asap,GREETING,ar_msa,template
يا هلا please,GREETING,ar_msa,template
يا هلا pls,GREETING,ar_msa,template
يا هلا ??,GREETING,ar_msa,template
يا هلا asap,GREETING,ar_msa,template
pls يا هلا,GREETING,ar_msa,template
pls يا هلا please,GREETING,ar_msa,template
pls يا هلا pls,GREETING,ar_msa,template
pls يا هلا ??,GREETING,ar_msa,template
pls يا هلا asap,GREETING,ar_msa,template
plz يا هلا,GREETING,ar_msa,template
plz يا هلا please,GREETING,ar_msa,template
plz يا هلا pls,GREETING,ar_msa,template
plz يا هلا ??,GREETING,ar_msa,template
plz يا هلا asap,GREETING,ar_msa,template
hello يا هلا,GREETING,ar_msa,template
hello يا هلا please,GREETING,ar_msa,template
hello يا هلا pls,GREETING,ar_msa,template
hello يا هلا ??,GREETING,ar_msa,template
hello يا هلا asap,GREETING,ar_msa,template
hi يا هلا,GREETING,ar_msa,template
hi يا هلا please,GREETING,ar_msa,template
hi يا هلا pls,GREETING,ar_msa,template
hi يا هلا ??,GREETING,ar_msa,template
hi يا هلا asap,GREETING,ar_msa,template
صباح الخير please,GREETING,ar_msa,template
صباح الخير pls,GREETING,ar_msa,template
صباح الخير ??,GREETING,ar_msa,template
صباح الخير asap,GREETING,ar_msa,template
thanks please,THANKS,en,template
thanks pls,THANKS,en,template
thanks ??,THANKS,en,template
thanks asap,THANKS,en,template
pls thanks,THANKS,en,template
pls thanks please,THANKS,en,template
pls thanks pls,THANKS,en,template
pls thanks ??,THANKS,en,template
pls thanks asap,THANKS,en,template
plz thanks,THANKS,en,template
plz thanks please,THANKS,en,template
plz thanks pls,THANKS,en,template
plz thanks ??,THANKS,en,template
plz thanks asap,THANKS,en,template
hello thanks,THANKS,en,template
hello thanks please,THANKS,en,template
hello thanks pls,THANKS,en,template
hello thanks ??,THANKS,en,template
hello thanks asap,THANKS,en,template
hi thanks,THANKS,en,template
hi thanks please,THANKS,en,template
hi thanks pls,THANKS,en,template
hi thanks ??,THANKS,en,template
hi thanks asap,THANKS,en,template
thank you so much,THANKS,en,template
thank you so much please,THANKS,en,template
thank you so much pls,THANKS,en,template
thank you so much ??,THANKS,en,template
thank you so much asap,THANKS,en,template
pls thank you so much,THANKS,en,template
pls thank you so much please,THANKS,en,template
pls thank you so much pls,THANKS,en,template
pls thank you so much ??,THANKS,en,template
pls thank you so much asap,THANKS,en,template
plz thank you so much,THANKS,en,template
plz thank you so much please,THANKS,en,template
plz thank you so much pls,THANKS,en,template
plz thank you so much ??,THANKS,en,template
plz thank you so much asap,THANKS,en,template
hello thank you so much,THANKS,en,template
hello thank you so much please,THANKS,en,template
hello thank you so much pls,THANKS,en,template
hello thank you so much ??,THANKS,en,template
hello thank you so much asap,THANKS,en,template
hi thank you so much,THANKS,en,template
hi thank you so much please,THANKS,en,template
hi thank you so much pls,THANKS,en,template
hi thank you so much ??,THANKS,en,template
hi thank you so much asap,THANKS,en,template
appreciate your help,THANKS,en,template
appreciate your help please,THANKS,en,template
appreciate your help pls,THANKS,en,template
appreciate your help ??,THANKS,en,template
appreciate your help asap,THANKS,en,template
pls appreciate your help,THANKS,en,template
pls appreciate your help please,THANKS,en,template
pls appreciate your help pls,THANKS,en,template
pls appreciate your help ??,THANKS,en,template
pls appreciate your help asap,THANKS,en,template
plz appreciate your help,THANKS,en,template
plz appreciate your help please,THANKS,en,template
plz appreciate your help pls,THANKS,en,template
plz appreciate your help ??,THANKS,en,template
plz appreciate your help asap,THANKS,en,template
hello appreciate your help,THANKS,en,template
hello appreciate your help please,THANKS,en,template
hello appreciate your help pls,THANKS,en,template
hello appreciate your help ??,THANKS,en,template
hello appreciate your help asap,THANKS,en,template
hi appreciate your help,THANKS,en,template
hi appreciate your help please,THANKS,en,template
hi appreciate your help pls,THANKS,en,template
hi appreciate your help ??,THANKS,en,template
hi appreciate your help asap,THANKS,en,template
thank you please,THANKS,en,template
thank you pls,THANKS,en,template
thank you ??,THANKS,en,template
thank you asap,THANKS,en,template
pls thank you,THANKS,en,template
pls thank you please,THANKS,en,template
pls thank you pls,THANKS,en,template
pls thank you ??,THANKS,en,template
pls thank you asap,THANKS,en,template
plz thank you,THANKS,en,template
plz thank you please,THANKS,en,template
plz thank you pls,THANKS,en,template
plz thank you ??,THANKS,en,template
plz thank you asap,THANKS,en,template
hello thank you,THANKS,en,template
hello thank you please,THANKS,en,template
hello thank you pls,THANKS,en,template
hello thank you ??,THANKS,en,template
hello thank you asap,THANKS,en,template
hi thank you,THANKS,en,template
hi thank you please,THANKS,en,template
hi thank you pls,THANKS,en,template
hi thank you ??,THANKS,en,template
hi thank you asap,THANKS,en,template
thx please,THANKS,en,template
thx pls,THANKS,en,template
thx ??,THANKS,en,template
thx asap,THANKS,en,template
pls thx,THANKS,en,template
pls thx please,THANKS,en,template
pls thx pls,THANKS,en,template
pls thx ??,THANKS,en,template
pls thx asap,THANKS,en,template
plz thx,THANKS,en,template
plz thx please,THANKS,en,template
plz thx pls,THANKS,en,template
plz thx ??,THANKS,en,template
plz thx asap,THANKS,en,template
hello thx,THANKS,en,template
hello thx please,THANKS,en,template
hello thx pls,THANKS,en,template
hello thx ??,THANKS,en,template
hello thx asap,THANKS,en,template
hi thx,THANKS,en,template
hi thx please,THANKS,en,template
hi thx pls,THANKS,en,template
hi thx ??,THANKS,en,template
hi thx asap,THANKS,en,template
many thanks please,THANKS,en,template
many thanks pls,THANKS,en,template
many thanks ??,THANKS,en,template
many thanks asap,THANKS,en,template
pls many thanks,THANKS,en,template
pls many thanks please,THANKS,en,template
pls many thanks pls,THANKS,en,template
pls many thanks ??,THANKS,en,template
pls many thanks asap,THANKS,en,template
plz many thanks,THANKS,en,template
plz many thanks please,THANKS,en,template
plz many thanks pls,THANKS,en,template
plz many thanks ??,THANKS,en,template
plz many thanks asap,THANKS,en,template
hello many thanks,THANKS,en,template
hello many thanks please,THANKS,en,template
hello many thanks pls,THANKS,en,template
hello many thanks ??,THANKS,en,template
hello many thanks asap,THANKS,en,template
hi many thanks,THANKS,en,template
hi many thanks please,THANKS,en,template
hi many thanks pls,THANKS,en,template
hi many thanks ??,THANKS,en,template
hi many thanks asap,THANKS,en,template
appreciate it please,THANKS,en,template
appreciate it pls,THANKS,en,template
appreciate it ??,THANKS,en,template
appreciate it asap,THANKS,en,template
pls appreciate it,THANKS,en,template
pls appreciate it please,THANKS,en,template
pls appreciate it pls,THANKS,en,template
pls appreciate it ??,THANKS,en,template
pls appreciate it asap,THANKS,en,template
plz appreciate it,THANKS,en,template
plz appreciate it please,THANKS,en,template
plz appreciate it pls,THANKS,en,template
plz appreciate it ??,THANKS,en,template
plz appreciate it asap,THANKS,en,template
hello appreciate it,THANKS,en,template
hello appreciate it please,THANKS,en,template
hello appreciate it pls,THANKS,en,template
hello appreciate it ??,THANKS,en,template
hello appreciate it asap,THANKS,en,template
hi appreciate it,THANKS,en,template
hi appreciate it please,THANKS,en,template
hi appreciate it pls,THANKS,en,template
hi appreciate it ??,THANKS,en,template
hi appreciate it asap,THANKS,en,template
thank u,THANKS,en,template
thank u please,THANKS,en,template
thank u pls,THANKS,en,template
thank u ??,THANKS,en,template
thank u asap,THANKS,en,template
pls thank u,THANKS,en,template
pls thank u please,THANKS,en,template
pls thank u pls,THANKS,en,template
pls thank u ??,THANKS,en,template
pls thank u asap,THANKS,en,template
plz thank u,THANKS,en,template
plz thank u please,THANKS,en,template
plz thank u pls,THANKS,en,template
plz thank u ??,THANKS,en,template
plz thank u asap,THANKS,en,template
hello thank u,THANKS,en,template
hello thank u please,THANKS,en,template
hello thank u pls,THANKS,en,template
hello thank u ??,THANKS,en,template
hello thank u asap,THANKS,en,template
hi thank u,THANKS,en,template
hi thank u please,THANKS,en,template
hi thank u pls,THANKS,en,template
hi thank u ??,THANKS,en,template
hi thank u asap,THANKS,en,template
thanks doctor,THANKS,en,template
thanks doctor please,THANKS,en,template
thanks doctor pls,THANKS,en,template
thanks doctor ??,THANKS,en,template
thanks doctor asap,THANKS,en,template
pls thanks doctor,THANKS,en,template
pls thanks doctor please,THANKS,en,template
pls thanks doctor pls,THANKS,en,template
pls thanks doctor ??,THANKS,en,template
pls thanks doctor asap,THANKS,en,template
plz thanks doctor,THANKS,en,template
plz thanks doctor please,THANKS,en,template
plz thanks doctor pls,THANKS,en,template
plz thanks doctor ??,THANKS,en,template
plz thanks doctor asap,THANKS,en,template
hello thanks doctor,THANKS,en,template
hello thanks doctor please,THANKS,en,template
hello thanks doctor pls,THANKS,en,template
hello thanks doctor ??,THANKS,en,template
hello thanks doctor asap,THANKS,en,template
hi thanks doctor,THANKS,en,template
hi thanks doctor please,THANKS,en,template
hi thanks doctor pls,THANKS,en,template
hi thanks doctor ??,THANKS,en,template
hi thanks doctor asap,THANKS,en,template
thank you doctor,THANKS,en,template
thank you doctor please,THANKS,en,template
thank you doctor pls,THANKS,en,template
thank you doctor ??,THANKS,en,template
thank you doctor asap,THANKS,en,template
pls thank you doctor,THANKS,en,template
pls thank you doctor please,THANKS,en,template
pls thank you doctor pls,THANKS,en,template
pls thank you doctor ??,THANKS,en,template
pls thank you doctor asap,THANKS,en,template
plz thank you doctor,THANKS,en,template
plz thank you doctor please,THANKS,en,template
plz thank you doctor pls,THANKS,en,template
plz thank you doctor ??,THANKS,en,template
plz thank you doctor asap,THANKS,en,template
hello thank you doctor,THANKS,en,template
hello thank you doctor please,THANKS,en,template
hello thank you doctor pls,THANKS,en,template
hello thank you doctor ??,THANKS,en,template
hello thank you doctor asap,THANKS,en,template
hi thank you doctor,THANKS,en,template
hi thank you doctor please,THANKS,en,template
hi thank you doctor pls,THANKS,en,template
hi thank you doctor ??,THANKS,en,template
hi thank you doctor asap,THANKS,en,template
thx doctor,THANKS,en,template
thx doctor please,THANKS,en,template
thx doctor pls,THANKS,en,template
thx doctor ??,THANKS,en,template
thx doctor asap,THANKS,en,template
pls thx doctor,THANKS,en,template
pls thx doctor please,THANKS,en,template
pls thx doctor pls,THANKS,en,template
pls thx doctor ??,THANKS,en,template
pls thx doctor asap,THANKS,en,template
plz thx doctor,THANKS,en,template
plz thx doctor please,THANKS,en,template
plz thx doctor pls,THANKS,en,template
plz thx doctor ??,THANKS,en,template
plz thx doctor asap,THANKS,en,template
hello thx doctor,THANKS,en,template
hello thx doctor please,THANKS,en,template
hello thx doctor pls,THANKS,en,template
hello thx doctor ??,THANKS,en,template
hello thx doctor asap,THANKS,en,template
hi thx doctor,THANKS,en,template
hi thx doctor please,THANKS,en,template
hi thx doctor pls,THANKS,en,template
hi thx doctor ??,THANKS,en,template
hi thx doctor asap,THANKS,en,template
many thanks doctor,THANKS,en,template
many thanks doctor please,THANKS,en,template
many thanks doctor pls,THANKS,en,template
many thanks doctor ??,THANKS,en,template
many thanks doctor asap,THANKS,en,template
pls many thanks doctor,THANKS,en,template
pls many thanks doctor please,THANKS,en,template
pls many thanks doctor pls,THANKS,en,template
pls many thanks doctor ??,THANKS,en,template
pls many thanks doctor asap,THANKS,en,template
plz many thanks doctor,THANKS,en,template
plz many thanks doctor please,THANKS,en,template
plz many thanks doctor pls,THANKS,en,template
plz many thanks doctor ??,THANKS,en,template
plz many thanks doctor asap,THANKS,en,template
hello many thanks doctor,THANKS,en,template
hello many thanks doctor please,THANKS,en,template
hello many thanks doctor pls,THANKS,en,template
hello many thanks doctor ??,THANKS,en,template
hello many thanks doctor asap,THANKS,en,template
hi many thanks doctor,THANKS,en,template
hi many thanks doctor please,THANKS,en,template
hi many thanks doctor pls,THANKS,en,template
hi many thanks doctor ??,THANKS,en,template
hi many thanks doctor asap,THANKS,en,template
appreciate it doctor,THANKS,en,template
appreciate it doctor please,THANKS,en,template
appreciate it doctor pls,THANKS,en,template
appreciate it doctor ??,THANKS,en,template
appreciate it doctor asap,THANKS,en,template
pls appreciate it doctor,THANKS,en,template
pls appreciate it doctor please,THANKS,en,template
pls appreciate it doctor pls,THANKS,en,template
pls appreciate it doctor ??,THANKS,en,template
pls appreciate it doctor asap,THANKS,en,template
plz appreciate it doctor,THANKS,en,template
plz appreciate it doctor please,THANKS,en,template
plz appreciate it doctor pls,THANKS,en,template
plz appreciate it doctor ??,THANKS,en,template
plz appreciate it doctor asap,THANKS,en,template
hello appreciate it doctor,THANKS,en,template
hello appreciate it doctor please,THANKS,en,template
hello appreciate it doctor pls,THANKS,en,template
hello appreciate it doctor ??,THANKS,en,template
hello appreciate it doctor asap,THANKS,en,template
hi appreciate it doctor,THANKS,en,template
hi appreciate it doctor please,THANKS,en,template
hi appreciate it doctor pls,THANKS,en,template
hi appreciate it doctor ??,THANKS,en,template
hi appreciate it doctor asap,THANKS,en,template
thank u doctor please,THANKS,en,template
thank u doctor pls,THANKS,en,template
thank u doctor ??,THANKS,en,template
thank u doctor asap,THANKS,en,template
pls thank u doctor,THANKS,en,template
pls thank u doctor please,THANKS,en,template
pls thank u doctor pls,THANKS,en,template
pls thank u doctor ??,THANKS,en,template
pls thank u doctor asap,THANKS,en,template
plz thank u doctor,THANKS,en,template
plz thank u doctor please,THANKS,en,template
plz thank u doctor pls,THANKS,en,template
plz thank u doctor ??,THANKS,en,template
plz thank u doctor asap,THANKS,en,template
hello thank u doctor,THANKS,en,template
hello thank u doctor please,THANKS,en,template
hello thank u doctor pls,THANKS,en,template
hello thank u doctor ??,THANKS,en,template
hello thank u doctor asap,THANKS,en,template
hi thank u doctor,THANKS,en,template
hi thank u doctor please,THANKS,en,template
hi thank u doctor pls,THANKS,en,template
hi thank u doctor ??,THANKS,en,template
hi thank u doctor asap,THANKS,en,template
thanks clinic,THANKS,en,template
thanks clinic please,THANKS,en,template
thanks clinic pls,THANKS,en,template
thanks clinic ??,THANKS,en,template
thanks clinic asap,THANKS,en,template
pls thanks clinic,THANKS,en,template
pls thanks clinic please,THANKS,en,template
pls thanks clinic pls,THANKS,en,template
pls thanks clinic ??,THANKS,en,template
pls thanks clinic asap,THANKS,en,template
plz thanks clinic,THANKS,en,template
plz thanks clinic please,THANKS,en,template
plz thanks clinic pls,THANKS,en,template
plz thanks clinic ??,THANKS,en,template
plz thanks clinic asap,THANKS,en,template
hello thanks clinic,THANKS,en,template
hello thanks clinic please,THANKS,en,template
hello thanks clinic pls,THANKS,en,template
hello thanks clinic ??,THANKS,en,template
hello thanks clinic asap,THANKS,en,template
hi thanks clinic,THANKS,en,template
hi thanks clinic please,THANKS,en,template
hi thanks clinic pls,THANKS,en,template
hi thanks clinic ??,THANKS,en,template
hi thanks clinic asap,THANKS,en,template
thank you clinic,THANKS,en,template
thank you clinic please,THANKS,en,template
thank you clinic pls,THANKS,en,template
thank you clinic ??,THANKS,en,template
thank you clinic asap,THANKS,en,template
pls thank you clinic,THANKS,en,template
pls thank you clinic please,THANKS,en,template
pls thank you clinic pls,THANKS,en,template
pls thank you clinic ??,THANKS,en,template
pls thank you clinic asap,THANKS,en,template
plz thank you clinic,THANKS,en,template
plz thank you clinic please,THANKS,en,template
plz thank you clinic pls,THANKS,en,template
plz thank you clinic ??,THANKS,en,template
plz thank you clinic asap,THANKS,en,template
hello thank you clinic,THANKS,en,template
hello thank you clinic please,THANKS,en,template
hello thank you clinic pls,THANKS,en,template
hello thank you clinic ??,THANKS,en,template
hello thank you clinic asap,THANKS,en,template
hi thank you clinic,THANKS,en,template
hi thank you clinic please,THANKS,en,template
hi thank you clinic pls,THANKS,en,template
hi thank you clinic ??,THANKS,en,template
hi thank you clinic asap,THANKS,en,template
thx clinic,THANKS,en,template
thx clinic please,THANKS,en,template
thx clinic pls,THANKS,en,template
thx clinic ??,THANKS,en,template
thx clinic asap,THANKS,en,template
pls thx clinic,THANKS,en,template
pls thx clinic please,THANKS,en,template
pls thx clinic pls,THANKS,en,template
pls thx clinic ??,THANKS,en,template
pls thx clinic asap,THANKS,en,template
plz thx clinic,THANKS,en,template
plz thx clinic please,THANKS,en,template
plz thx clinic pls,THANKS,en,template
plz thx clinic ??,THANKS,en,template
plz thx clinic asap,THANKS,en,template
hello thx clinic,THANKS,en,template
hello thx clinic please,THANKS,en,template
hello thx clinic pls,THANKS,en,template
hello thx clinic ??,THANKS,en,template
hello thx clinic asap,THANKS,en,template
hi thx clinic,THANKS,en,template
hi thx clinic please,THANKS,en,template
hi thx clinic pls,THANKS,en,template
hi thx clinic ??,THANKS,en,template
hi thx clinic asap,THANKS,en,template
many thanks clinic,THANKS,en,template
many thanks clinic please,THANKS,en,template
many thanks clinic pls,THANKS,en,template
many thanks clinic ??,THANKS,en,template
many thanks clinic asap,THANKS,en,template
pls many thanks clinic,THANKS,en,template
pls many thanks clinic please,THANKS,en,template
pls many thanks clinic pls,THANKS,en,template
pls many thanks clinic ??,THANKS,en,template
pls many thanks clinic asap,THANKS,en,template
plz many thanks clinic,THANKS,en,template
plz many thanks clinic please,THANKS,en,template
plz many thanks clinic pls,THANKS,en,template
plz many thanks clinic ??,THANKS,en,template
plz many thanks clinic asap,THANKS,en,template
hello many thanks clinic,THANKS,en,template
hello many thanks clinic please,THANKS,en,template
hello many thanks clinic pls,THANKS,en,template
hello many thanks clinic ??,THANKS,en,template
hello many thanks clinic asap,THANKS,en,template
hi many thanks clinic,THANKS,en,template
hi many thanks clinic please,THANKS,en,template
hi many thanks clinic pls,THANKS,en,template
hi many thanks clinic ??,THANKS,en,template
hi many thanks clinic asap,THANKS,en,template
appreciate it clinic,THANKS,en,template
appreciate it clinic please,THANKS,en,template
appreciate it clinic pls,THANKS,en,template
appreciate it clinic ??,THANKS,en,template
appreciate it clinic asap,THANKS,en,template
pls appreciate it clinic,THANKS,en,template
pls appreciate it clinic please,THANKS,en,template
pls appreciate it clinic pls,THANKS,en,template
pls appreciate it clinic ??,THANKS,en,template
pls appreciate it clinic asap,THANKS,en,template
plz appreciate it clinic,THANKS,en,template
plz appreciate it clinic please,THANKS,en,template
plz appreciate it clinic pls,THANKS,en,template
plz appreciate it clinic ??,THANKS,en,template
plz appreciate it clinic asap,THANKS,en,template
hello appreciate it clinic,THANKS,en,template
hello appreciate it clinic please,THANKS,en,template
hello appreciate it clinic pls,THANKS,en,template
hello appreciate it clinic ??,THANKS,en,template
hello appreciate it clinic asap,THANKS,en,template
hi appreciate it clinic,THANKS,en,template
hi appreciate it clinic please,THANKS,en,template
hi appreciate it clinic pls,THANKS,en,template
hi appreciate it clinic ??,THANKS,en,template
hi appreciate it clinic asap,THANKS,en,template
thank u clinic,THANKS,en,template
thank u clinic please,THANKS,en,template
thank u clinic pls,THANKS,en,template
thank u clinic ??,THANKS,en,template
thank u clinic asap,THANKS,en,template
pls thank u clinic,THANKS,en,template
pls thank u clinic please,THANKS,en,template
pls thank u clinic pls,THANKS,en,template
pls thank u clinic ??,THANKS,en,template
pls thank u clinic asap,THANKS,en,template
plz thank u clinic,THANKS,en,template
plz thank u clinic please,THANKS,en,template
plz thank u clinic pls,THANKS,en,template
plz thank u clinic ??,THANKS,en,template
plz thank u clinic asap,THANKS,en,template
hello thank u clinic,THANKS,en,template
hello thank u clinic please,THANKS,en,template
hello thank u clinic pls,THANKS,en,template
hello thank u clinic ??,THANKS,en,template
hello thank u clinic asap,THANKS,en,template
hi thank u clinic,THANKS,en,template
hi thank u clinic please,THANKS,en,template
hi thank u clinic pls,THANKS,en,template
hi thank u clinic ??,THANKS,en,template
hi thank u clinic asap,THANKS,en,template
ok thanks please,THANKS,en,template
ok thanks pls,THANKS,en,template
ok thanks ??,THANKS,en,template
ok thanks asap,THANKS,en,template
pls ok thanks,THANKS,en,template
pls ok thanks please,THANKS,en,template
pls ok thanks pls,THANKS,en,template
pls ok thanks ??,THANKS,en,template
pls ok thanks asap,THANKS,en,template
plz ok thanks,THANKS,en,template
plz ok thanks please,THANKS,en,template
plz ok thanks pls,THANKS,en,template
plz ok thanks ??,THANKS,en,template
plz ok thanks asap,THANKS,en,template
hello ok thanks,THANKS,en,template
hello ok thanks please,THANKS,en,template
hello ok thanks pls,THANKS,en,template
hello ok thanks ??,THANKS,en,template
hello ok thanks asap,THANKS,en,template
hi ok thanks,THANKS,en,template
hi ok thanks please,THANKS,en,template
hi ok thanks pls,THANKS,en,template
hi ok thanks ??,THANKS,en,template
hi ok thanks asap,THANKS,en,template
great thanks,THANKS,en,template
great thanks please,THANKS,en,template
great thanks pls,THANKS,en,template
great thanks ??,THANKS,en,template
great thanks asap,THANKS,en,template
pls great thanks,THANKS,en,template
pls great thanks please,THANKS,en,template
pls great thanks pls,THANKS,en,template
pls great thanks ??,THANKS,en,template
pls great thanks asap,THANKS,en,template
plz great thanks,THANKS,en,template
plz great thanks please,THANKS,en,template
plz great thanks pls,THANKS,en,template
plz great thanks ??,THANKS,en,template
plz great thanks asap,THANKS,en,template
hello great thanks,THANKS,en,template
hello great thanks please,THANKS,en,template
hello great thanks pls,THANKS,en,template
hello great thanks ??,THANKS,en,template
hello great thanks asap,THANKS,en,template
hi great thanks,THANKS,en,template
hi great thanks please,THANKS,en,template
hi great thanks pls,THANKS,en,template
hi great thanks ??,THANKS,en,template
hi great thanks asap,THANKS,en,template
شكرا جزيلا please,THANKS,ar_msa,template
شكرا جزيلا pls,THANKS,ar_msa,template
شكرا جزيلا ??,THANKS,ar_msa,template
شكرا جزيلا asap,THANKS,ar_msa,template
pls شكرا جزيلا,THANKS,ar_msa,template
pls شكرا جزيلا please,THANKS,ar_msa,template
pls شكرا جزيلا pls,THANKS,ar_msa,template
pls شكرا جزيلا ??,THANKS,ar_msa,template
pls شكرا جزيلا asap,THANKS,ar_msa,template
plz شكرا جزيلا,THANKS,ar_msa,template
plz شكرا جزيلا please,THANKS,ar_msa,template
plz شكرا جزيلا pls,THANKS,ar_msa,template
plz شكرا جزيلا ??,THANKS,ar_msa,template
plz شكرا جزيلا asap,THANKS,ar_msa,template
hello شكرا جزيلا,THANKS,ar_msa,template
hello شكرا جزيلا please,THANKS,ar_msa,template
hello شكرا جزيلا pls,THANKS,ar_msa,template
hello شكرا جزيلا ??,THANKS,ar_msa,template
hello شكرا جزيلا asap,THANKS,ar_msa,template
hi شكرا جزيلا,THANKS,ar_msa,template
hi شكرا جزيلا please,THANKS,ar_msa,template
hi شكرا جزيلا pls,THANKS,ar_msa,template
hi شكرا جزيلا ??,THANKS,ar_msa,template
hi شكرا جزيلا asap,THANKS,ar_msa,template
أشكركم please,THANKS,ar_msa,template
أشكركم pls,THANKS,ar_msa,template
أشكركم ??,THANKS,ar_msa,template
أشكركم asap,THANKS,ar_msa,template
what is the weather today please,UNKNOWN,en,template
what is the weather today pls,UNKNOWN,en,template
what is the weather today ??,UNKNOWN,en,template
what is the weather today asap,UNKNOWN,en,template
pls what is the weather today,UNKNOWN,en,template
pls what is the weather today please,UNKNOWN,en,template
pls what is the weather today pls,UNKNOWN,en,template
pls what is the weather today ??,UNKNOWN,en,template
pls what is the weather today asap,UNKNOWN,en,template
plz what is the weather today,UNKNOWN,en,template
plz what is the weather today please,UNKNOWN,en,template
plz what is the weather today pls,UNKNOWN,en,template
plz what is the weather today ??,UNKNOWN,en,template
plz what is the weather today asap,UNKNOWN,en,template
hello what is the weather today,UNKNOWN,en,template
hello what is the weather today please,UNKNOWN,en,template
hello what is the weather today pls,UNKNOWN,en,template
hello what is the weather today ??,UNKNOWN,en,template
hello what is the weather today asap,UNKNOWN,en,template
hi what is the weather today,UNKNOWN,en,template
hi what is the weather today please,UNKNOWN,en,template
hi what is the weather today pls,UNKNOWN,en,template
hi what is the weather today ??,UNKNOWN,en,template
hi what is the weather today asap,UNKNOWN,en,template
what is the weather tomorrow,UNKNOWN,en,template
what is the weather tomorrow please,UNKNOWN,en,template
what is the weather tomorrow pls,UNKNOWN,en,template
what is the weather tomorrow ??,UNKNOWN,en,template
what is the weather tomorrow asap,UNKNOWN,en,template
pls what is the weather tomorrow,UNKNOWN,en,template
pls what is the weather tomorrow please,UNKNOWN,en,template
pls what is the weather tomorrow pls,UNKNOWN,en,template
pls what is the weather tomorrow ??,UNKNOWN,en,template
pls what is the weather tomorrow asap,UNKNOWN,en,template
plz what is the weather tomorrow,UNKNOWN,en,template
plz what is the weather tomorrow please,UNKNOWN,en,template
plz what is the weather tomorrow pls,UNKNOWN,en,template
plz what is the weather tomorrow ??,UNKNOWN,en,template
plz what is the weather tomorrow asap,UNKNOWN,en,template
hello what is the weather tomorrow,UNKNOWN,en,template
hello what is the weather tomorrow please,UNKNOWN,en,template
hello what is the weather tomorrow pls,UNKNOWN,en,template
hello what is the weather tomorrow ??,UNKNOWN,en,template
hello what is the weather tomorrow asap,UNKNOWN,en,template
hi what is the weather tomorrow,UNKNOWN,en,template
hi what is the weather tomorrow please,UNKNOWN,en,template
hi what is the weather tomorrow pls,UNKNOWN,en,template
hi what is the weather tomorrow ??,UNKNOWN,en,template
hi what is the weather tomorrow asap,UNKNOWN,en,template
what is the weather asap,UNKNOWN,en,template
what is the weather asap please,UNKNOWN,en,template
what is the weather asap pls,UNKNOWN,en,template
what is the weather asap ??,UNKNOWN,en,template
what is the weather asap asap,UNKNOWN,en,template
pls what is the weather asap,UNKNOWN,en,template
pls what is the weather asap please,UNKNOWN,en,template
pls what is the weather asap pls,UNKNOWN,en,template
pls what is the weather asap ??,UNKNOWN,en,template
pls what is the weather asap asap,UNKNOWN,en,template
plz what is the weather asap,UNKNOWN,en,template
plz what is the weather asap please,UNKNOWN,en,template
plz what is the weather asap pls,UNKNOWN,en,template
plz what is the weather asap ??,UNKNOWN,en,template
plz what is the weather asap asap,UNKNOWN,en,template
hello what is the weather asap,UNKNOWN,en,template
hello what is the weather asap please,UNKNOWN,en,template
hello what is the weather asap pls,UNKNOWN,en,template
hello what is the weather asap ??,UNKNOWN,en,template
hello what is the weather asap asap,UNKNOWN,en,template
hi what is the weather asap,UNKNOWN,en,template
hi what is the weather asap please,UNKNOWN,en,template
hi what is the weather asap pls,UNKNOWN,en,template
hi what is the weather asap ??,UNKNOWN,en,template
hi what is the weather asap asap,UNKNOWN,en,template
what is the weather this week,UNKNOWN,en,template
what is the weather this week please,UNKNOWN,en,template
what is the weather this week pls,UNKNOWN,en,template
what is the weather this week ??,UNKNOWN,en,template
what is the weather this week asap,UNKNOWN,en,template
pls what is the weather this week,UNKNOWN,en,template
pls what is the weather this week please,UNKNOWN,en,template
pls what is the weather this week pls,UNKNOWN,en,template
pls what is the weather this week ??,UNKNOWN,en,template
pls what is the weather this week asap,UNKNOWN,en,template
plz what is the weather this week,UNKNOWN,en,template
plz what is the weather this week please,UNKNOWN,en,template
plz what is the weather this week pls,UNKNOWN,en,template
plz what is the weather this week ??,UNKNOWN,en,template
plz what is the weather this week asap,UNKNOWN,en,template
hello what is the weather this week,UNKNOWN,en,template
hello what is the weather this week please,UNKNOWN,en,template
hello what is the weather this week pls,UNKNOWN,en,template
hello what is the weather this week ??,UNKNOWN,en,template
hello what is the weather this week asap,UNKNOWN,en,template
hi what is the weather this week,UNKNOWN,en,template
hi what is the weather this week please,UNKNOWN,en,template
hi what is the weather this week pls,UNKNOWN,en,template
hi what is the weather this week ??,UNKNOWN,en,template
hi what is the weather this week asap,UNKNOWN,en,template
what is the weather after 5pm,UNKNOWN,en,template
what is the weather after 5pm please,UNKNOWN,en,template
what is the weather after 5pm pls,UNKNOWN,en,template
what is the weather after 5pm ??,UNKNOWN,en,template
what is the weather after 5pm asap,UNKNOWN,en,template
pls what is the weather after 5pm,UNKNOWN,en,template
pls what is the weather after 5pm please,UNKNOWN,en,template
pls what is the weather after 5pm pls,UNKNOWN,en,template
pls what is the weather after 5pm ??,UNKNOWN,en,template
pls what is the weather after 5pm asap,UNKNOWN,en,template
plz what is the weather after 5pm,UNKNOWN,en,template
plz what is the weather after 5pm please,UNKNOWN,en,template
plz what is the weather after 5pm pls,UNKNOWN,en,template
plz what is the weather after 5pm ??,UNKNOWN,en,template
plz what is the weather after 5pm asap,UNKNOWN,en,template
hello what is the weather after 5pm,UNKNOWN,en,template
hello what is the weather after 5pm please,UNKNOWN,en,template
hello what is the weather after 5pm pls,UNKNOWN,en,template
hello what is the weather after 5pm ??,UNKNOWN,en,template
hello what is the weather after 5pm asap,UNKNOWN,en,template
hi what is the weather after 5pm,UNKNOWN,en,template
hi what is the weather after 5pm please,UNKNOWN,en,template
hi what is the weather after 5pm pls,UNKNOWN,en,template
hi what is the weather after 5pm ??,UNKNOWN,en,template
hi what is the weather after 5pm asap,UNKNOWN,en,template
what is the weather morning,UNKNOWN,en,template
what is the weather morning please,UNKNOWN,en,template
what is the weather morning pls,UNKNOWN,en,template
what is the weather morning ??,UNKNOWN,en,template
what is the weather morning asap,UNKNOWN,en,template
pls what is the weather morning,UNKNOWN,en,template
pls what is the weather morning please,UNKNOWN,en,template
pls what is the weather morning pls,UNKNOWN,en,template
pls what is the weather morning ??,UNKNOWN,en,template
pls what is the weather morning asap,UNKNOWN,en,template
plz what is the weather morning,UNKNOWN,en,template
plz what is the weather morning please,UNKNOWN,en,template
plz what is the weather morning pls,UNKNOWN,en,template
plz what is the weather morning ??,UNKNOWN,en,template
plz what is the weather morning asap,UNKNOWN,en,template
hello what is the weather morning,UNKNOWN,en,template
hello what is the weather morning please,UNKNOWN,en,template
hello what is the weather morning pls,UNKNOWN,en,template
hello what is the weather morning ??,UNKNOWN,en,template
hello what is the weather morning asap,UNKNOWN,en,template
hi what is the weather morning,UNKNOWN,en,template
hi what is the weather morning please,UNKNOWN,en,template
hi what is the weather morning pls,UNKNOWN,en,template
hi what is the weather morning ??,UNKNOWN,en,template
hi what is the weather morning asap,UNKNOWN,en,template
i want coffee please,UNKNOWN,en,template
i want coffee pls,UNKNOWN,en,template
i want coffee ??,UNKNOWN,en,template
i want coffee asap,UNKNOWN,en,template
pls i want coffee,UNKNOWN,en,template
pls i want coffee please,UNKNOWN,en,template
pls i want coffee pls,UNKNOWN,en,template
pls i want coffee ??,UNKNOWN,en,template
pls i want coffee asap,UNKNOWN,en,template
plz i want coffee,UNKNOWN,en,template
plz i want coffee please,UNKNOWN,en,template
plz i want coffee pls,UNKNOWN,en,template
plz i want coffee ??,UNKNOWN,en,template
plz i want coffee asap,UNKNOWN,en,template
hello i want coffee,UNKNOWN,en,template
hello i want coffee please,UNKNOWN,en,template
hello i want coffee pls,UNKNOWN,en,template
hello i want coffee ??,UNKNOWN,en,template
hello i want coffee asap,UNKNOWN,en,template
hi i want coffee,UNKNOWN,en,template
hi i want coffee please,UNKNOWN,en,template
hi i want coffee pls,UNKNOWN,en,template
hi i want coffee ??,UNKNOWN,en,template
hi i want coffee asap,UNKNOWN,en,template
please play music,UNKNOWN,en,template
please play music please,UNKNOWN,en,template
please play music pls,UNKNOWN,en,template
please play music ??,UNKNOWN,en,template
please play music asap,UNKNOWN,en,template
pls please play music,UNKNOWN,en,template
pls please play music please,UNKNOWN,en,template
pls please play music pls,UNKNOWN,en,template
pls please play music ??,UNKNOWN,en,template
pls please play music asap,UNKNOWN,en,template
plz please play music,UNKNOWN,en,template
plz please play music please,UNKNOWN,en,template
plz please play music pls,UNKNOWN,en,template
plz please play music ??,UNKNOWN,en,template
plz please play music asap,UNKNOWN,en,template
hello please play music,UNKNOWN,en,template
hello please play music please,UNKNOWN,en,template
hello please play music pls,UNKNOWN,en,template
hello please play music ??,UNKNOWN,en,template
hello please play music asap,UNKNOWN,en,template
hi please play music,UNKNOWN,en,template
hi please play music please,UNKNOWN,en,template
hi please play music pls,UNKNOWN,en,template
hi please play music ??,UNKNOWN,en,template
hi please play music asap,UNKNOWN,en,template
tell me about weather,UNKNOWN,en,template
tell me about weather please,UNKNOWN,en,template
tell me about weather pls,UNKNOWN,en,template
tell me about weather ??,UNKNOWN,en,template
tell me about weather asap,UNKNOWN,en,template
pls tell me about weather,UNKNOWN,en,template
pls tell me about weather please,UNKNOWN,en,template
pls tell me about weather pls,UNKNOWN,en,template
pls tell me about weather ??,UNKNOWN,en,template
pls tell me about weather asap,UNKNOWN,en,template
plz tell me about weather,UNKNOWN,en,template
plz tell me about weather please,UNKNOWN,en,template
plz tell me about weather pls,UNKNOWN,en,template
plz tell me about weather ??,UNKNOWN,en,template
plz tell me about weather asap,UNKNOWN,en,template
hello tell me about weather,UNKNOWN,en,template
hello tell me about weather please,UNKNOWN,en,template
hello tell me about weather pls,UNKNOWN,en,template
hello tell me about weather ??,UNKNOWN,en,template
hello tell me about weather asap,UNKNOWN,en,template
hi tell me about weather,UNKNOWN,en,template
hi tell me about weather please,UNKNOWN,en,template
hi tell me about weather pls,UNKNOWN,en,template
hi tell me about weather ??,UNKNOWN,en,template
hi tell me about weather asap,UNKNOWN,en,template
tell me about restaurant,UNKNOWN,en,template
tell me about restaurant please,UNKNOWN,en,template
tell me about restaurant pls,UNKNOWN,en,template
tell me about restaurant ??,UNKNOWN,en,template
tell me about restaurant asap,UNKNOWN,en,template
pls tell me about restaurant,UNKNOWN,en,template
pls tell me about restaurant please,UNKNOWN,en,template
pls tell me about restaurant pls,UNKNOWN,en,template
pls tell me about restaurant ??,UNKNOWN,en,template
pls tell me about restaurant asap,UNKNOWN,en,template
plz tell me about restaurant,UNKNOWN,en,template
plz tell me about restaurant please,UNKNOWN,en,template
plz tell me about restaurant pls,UNKNOWN,en,template
plz tell me about restaurant ??,UNKNOWN,en,template
plz tell me about restaurant asap,UNKNOWN,en,template
hello tell me about restaurant,UNKNOWN,en,template
hello tell me about restaurant please,UNKNOWN,en,template
hello tell me about restaurant pls,UNKNOWN,en,template
hello tell me about restaurant ??,UNKNOWN,en,template
hello tell me about restaurant asap,UNKNOWN,en,template
hi tell me about restaurant,UNKNOWN,en,template
hi tell me about restaurant please,UNKNOWN,en,template
hi tell me about restaurant pls,UNKNOWN,en,template
hi tell me about restaurant ??,UNKNOWN,en,template
hi tell me about restaurant asap,UNKNOWN,en,template
tell me about taxi,UNKNOWN,en,template
tell me about taxi please,UNKNOWN,en,template
tell me about taxi pls,UNKNOWN,en,template
tell me about taxi ??,UNKNOWN,en,template
tell me about taxi asap,UNKNOWN,en,template
pls tell me about taxi,UNKNOWN,en,template
pls tell me about taxi please,UNKNOWN,en,template
pls tell me about taxi pls,UNKNOWN,en,template
pls tell me about taxi ??,UNKNOWN,en,template
pls tell me about taxi asap,UNKNOWN,en,template
plz tell me about taxi,UNKNOWN,en,template
plz tell me about taxi please,UNKNOWN,en,template
plz tell me about taxi pls,UNKNOWN,en,template
plz tell me about taxi ??,UNKNOWN,en,template
plz tell me about taxi asap,UNKNOWN,en,template
hello tell me about taxi,UNKNOWN,en,template
hello tell me about taxi please,UNKNOWN,en,template
hello tell me about taxi pls,UNKNOWN,en,template
hello tell me about taxi ??,UNKNOWN,en,template
hello tell me about taxi asap,UNKNOWN,en,template
hi tell me about taxi,UNKNOWN,en,template
hi tell me about taxi please,UNKNOWN,en,template
hi tell me about taxi pls,UNKNOWN,en,template
hi tell me about taxi ??,UNKNOWN,en,template
hi tell me about taxi asap,UNKNOWN,en,template
tell me about music,UNKNOWN,en,template
tell me about music please,UNKNOWN,en,template
tell me about music pls,UNKNOWN,en,template
tell me about music ??,UNKNOWN,en,template
tell me about music asap,UNKNOWN,en,template
pls tell me about music,UNKNOWN,en,template
pls tell me about music please,UNKNOWN,en,template
pls tell me about music pls,UNKNOWN,en,template
pls tell me about music ??,UNKNOWN,en,template
pls tell me about music asap,UNKNOWN,en,template
plz tell me about music,UNKNOWN,en,template
plz tell me about music please,UNKNOWN,en,template
plz tell me about music pls,UNKNOWN,en,template
plz tell me about music ??,UNKNOWN,en,template
plz tell me about music asap,UNKNOWN,en,template
hello tell me about music,UNKNOWN,en,template
hello tell me about music please,UNKNOWN,en,template
hello tell me about music pls,UNKNOWN,en,template
hello tell me about music ??,UNKNOWN,en,template
hello tell me about music asap,UNKNOWN,en,template
hi tell me about music,UNKNOWN,en,template
hi tell me about music please,UNKNOWN,en,template
hi tell me about music pls,UNKNOWN,en,template
hi tell me about music ??,UNKNOWN,en,template
hi tell me about music asap,UNKNOWN,en,template
tell me about football,UNKNOWN,en,template
tell me about football please,UNKNOWN,en,template
tell me about football pls,UNKNOWN,en,template
tell me about football ??,UNKNOWN,en,template
tell me about football asap,UNKNOWN,en,template
pls tell me about football,UNKNOWN,en,template
pls tell me about football please,UNKNOWN,en,template
pls tell me about football pls,UNKNOWN,en,template
pls tell me about football ??,UNKNOWN,en,template
pls tell me about football asap,UNKNOWN,en,template
plz tell me about football,UNKNOWN,en,template
plz tell me about football please,UNKNOWN,en,template
plz tell me about football pls,UNKNOWN,en,template
plz tell me about football ??,UNKNOWN,en,template
plz tell me about football asap,UNKNOWN,en,template
hello tell me about football,UNKNOWN,en,template
hello tell me about football please,UNKNOWN,en,template
hello tell me about football pls,UNKNOWN,en,template
hello tell me about football ??,UNKNOWN,en,template
hello tell me about football asap,UNKNOWN,en,template
hi tell me about football,UNKNOWN,en,template
hi tell me about football please,UNKNOWN,en,template
hi tell me about football pls,UNKNOWN,en,template
hi tell me about football ??,UNKNOWN,en,template
hi tell me about football asap,UNKNOWN,en,template
tell me about wifi password,UNKNOWN,en,template
tell me about wifi password please,UNKNOWN,en,template
tell me about wifi password pls,UNKNOWN,en,template
tell me about wifi password ??,UNKNOWN,en,template
tell me about wifi password asap,UNKNOWN,en,template
pls tell me about wifi password,UNKNOWN,en,template
pls tell me about wifi password please,UNKNOWN,en,template
pls tell me about wifi password pls,UNKNOWN,en,template
pls tell me about wifi password ??,UNKNOWN,en,template
pls tell me about wifi password asap,UNKNOWN,en,template
plz tell me about wifi password,UNKNOWN,en,template
plz tell me about wifi password please,UNKNOWN,en,template
plz tell me about wifi password pls,UNKNOWN,en,template
plz tell me about wifi password ??,UNKNOWN,en,template
plz tell me about wifi password asap,UNKNOWN,en,template
hello tell me about wifi password,UNKNOWN,en,template
hello tell me about wifi password please,UNKNOWN,en,template
hello tell me about wifi password pls,UNKNOWN,en,template
hello tell me about wifi password ??,UNKNOWN,en,template
hello tell me about wifi password asap,UNKNOWN,en,template
hi tell me about wifi password,UNKNOWN,en,template
hi tell me about wifi password please,UNKNOWN,en,template
hi tell me about wifi password pls,UNKNOWN,en,template
hi tell me about wifi password ??,UNKNOWN,en,template
hi tell me about wifi password asap,UNKNOWN,en,template
can you help with weather,UNKNOWN,en,template
can you help with weather please,UNKNOWN,en,template
can you help with weather pls,UNKNOWN,en,template
can you help with weather ??,UNKNOWN,en,template
can you help with weather asap,UNKNOWN,en,template
pls can you help with weather,UNKNOWN,en,template
pls can you help with weather please,UNKNOWN,en,template
pls can you help with weather pls,UNKNOWN,en,template
pls can you help with weather ??,UNKNOWN,en,template
pls can you help with weather asap,UNKNOWN,en,template
plz can you help with weather,UNKNOWN,en,template
plz can you help with weather please,UNKNOWN,en,template
plz can you help with weather pls,UNKNOWN,en,template
plz can you help with weather ??,UNKNOWN,en,template
plz can you help with weather asap,UNKNOWN,en,template
hello can you help with weather,UNKNOWN,en,template
hello can you help with weather please,UNKNOWN,en,template
hello can you help with weather pls,UNKNOWN,en,template
hello can you help with weather ??,UNKNOWN,en,template
hello can you help with weather asap,UNKNOWN,en,template
hi can you help with weather,UNKNOWN,en,template
hi can you help with weather please,UNKNOWN,en,template
hi can you help with weather pls,UNKNOWN,en,template
hi can you help with weather ??,UNKNOWN,en,template
hi can you help with weather asap,UNKNOWN,en,template
can you help with restaurant,UNKNOWN,en,template
can you help with restaurant please,UNKNOWN,en,template
can you help with restaurant pls,UNKNOWN,en,template
can you help with restaurant ??,UNKNOWN,en,template
can you help with restaurant asap,UNKNOWN,en,template
pls can you help with restaurant,UNKNOWN,en,template
pls can you help with restaurant please,UNKNOWN,en,template
pls can you help with restaurant pls,UNKNOWN,en,template
pls can you help with restaurant ??,UNKNOWN,en,template
pls can you help with restaurant asap,UNKNOWN,en,template
plz can you help with restaurant,UNKNOWN,en,template
plz can you help with restaurant please,UNKNOWN,en,template
plz can you help with restaurant pls,UNKNOWN,en,template
plz can you help with restaurant ??,UNKNOWN,en,template
plz can you help with restaurant asap,UNKNOWN,en,template
hello can you help with restaurant,UNKNOWN,en,template
hello can you help with restaurant please,UNKNOWN,en,template
hello can you help with restaurant pls,UNKNOWN,en,template
hello can you help with restaurant ??,UNKNOWN,en,template
hello can you help with restaurant asap,UNKNOWN,en,template
hi can you help with restaurant,UNKNOWN,en,template
hi can you help with restaurant please,UNKNOWN,en,template
hi can you help with restaurant pls,UNKNOWN,en,template
hi can you help with restaurant ??,UNKNOWN,en,template
hi can you help with restaurant asap,UNKNOWN,en,template
can you help with taxi,UNKNOWN,en,template
can you help with taxi please,UNKNOWN,en,template
can you help with taxi pls,UNKNOWN,en,template
can you help with taxi ??,UNKNOWN,en,template
can you help with taxi asap,UNKNOWN,en,template
pls can you help with taxi,UNKNOWN,en,template
pls can you help with taxi please,UNKNOWN,en,template
pls can you help with taxi pls,UNKNOWN,en,template
pls can you help with taxi ??,UNKNOWN,en,template
pls can you help with taxi asap,UNKNOWN,en,template
plz can you help with taxi,UNKNOWN,en,template
plz can you help with taxi please,UNKNOWN,en,template
plz can you help with taxi pls,UNKNOWN,en,template
plz can you help with taxi ??,UNKNOWN,en,template
plz can you help with taxi asap,UNKNOWN,en,template
hello can you help with taxi,UNKNOWN,en,template
hello can you help with taxi please,UNKNOWN,en,template
hello can you help with taxi pls,UNKNOWN,en,template
hello can you help with taxi ??,UNKNOWN,en,template
hello can you help with taxi asap,UNKNOWN,en,template
hi can you help with taxi,UNKNOWN,en,template
hi can you help with taxi please,UNKNOWN,en,template
hi can you help with taxi pls,UNKNOWN,en,template
hi can you help with taxi ??,UNKNOWN,en,template
hi can you help with taxi asap,UNKNOWN,en,template
can you help with music,UNKNOWN,en,template
can you help with music please,UNKNOWN,en,template
can you help with music pls,UNKNOWN,en,template
can you help with music ??,UNKNOWN,en,template
can you help with music asap,UNKNOWN,en,template
pls can you help with music,UNKNOWN,en,template
pls can you help with music please,UNKNOWN,en,template
pls can you help with music pls,UNKNOWN,en,template
pls can you help with music ??,UNKNOWN,en,template
pls can you help with music asap,UNKNOWN,en,template
plz can you help with music,UNKNOWN,en,template
plz can you help with music please,UNKNOWN,en,template
plz can you help with music pls,UNKNOWN,en,template
plz can you help with music ??,UNKNOWN,en,template
plz can you help with music asap,UNKNOWN,en,template
hello can you help with music,UNKNOWN,en,template
hello can you help with music please,UNKNOWN,en,template
hello can you help with music pls,UNKNOWN,en,template
hello can you help with music ??,UNKNOWN,en,template
hello can you help with music asap,UNKNOWN,en,template
hi can you help with music,UNKNOWN,en,template
hi can you help with music please,UNKNOWN,en,template
hi can you help with music pls,UNKNOWN,en,template
hi can you help with music ??,UNKNOWN,en,template
hi can you help with music asap,UNKNOWN,en,template
can you help with football,UNKNOWN,en,template
can you help with football please,UNKNOWN,en,template
can you help with football pls,UNKNOWN,en,template
can you help with football ??,UNKNOWN,en,template
can you help with football asap,UNKNOWN,en,template
pls can you help with football,UNKNOWN,en,template
pls can you help with football please,UNKNOWN,en,template
pls can you help with football pls,UNKNOWN,en,template
pls can you help with football ??,UNKNOWN,en,template
pls can you help with football asap,UNKNOWN,en,template
plz can you help with football,UNKNOWN,en,template
plz can you help with football please,UNKNOWN,en,template
plz can you help with football pls,UNKNOWN,en,template
plz can you help with football ??,UNKNOWN,en,template
plz can you help with football asap,UNKNOWN,en,template
hello can you help with football,UNKNOWN,en,template
hello can you help with football please,UNKNOWN,en,template
hello can you help with football pls,UNKNOWN,en,template
hello can you help with football ??,UNKNOWN,en,template
hello can you help with football asap,UNKNOWN,en,template
hi can you help with football,UNKNOWN,en,template
hi can you help with football please,UNKNOWN,en,template
hi can you help with football pls,UNKNOWN,en,template
hi can you help with football ??,UNKNOWN,en,template
hi can you help with football asap,UNKNOWN,en,template
can you help with wifi password,UNKNOWN,en,template
can you help with wifi password please,UNKNOWN,en,template
can you help with wifi password pls,UNKNOWN,en,template
can you help with wifi password ??,UNKNOWN,en,template
can you help with wifi password asap,UNKNOWN,en,template
pls can you help with wifi password,UNKNOWN,en,template
pls can you help with wifi password please,UNKNOWN,en,template
pls can you help with wifi password pls,UNKNOWN,en,template
pls can you help with wifi password ??,UNKNOWN,en,template
pls can you help with wifi password asap,UNKNOWN,en,template
plz can you help with wifi password,UNKNOWN,en,template
plz can you help with wifi password please,UNKNOWN,en,template
plz can you help with wifi password pls,UNKNOWN,en,template
plz can you help with wifi password ??,UNKNOWN,en,template
plz can you help with wifi password asap,UNKNOWN,en,template
hello can you help with wifi password,UNKNOWN,en,template
hello can you help with wifi password please,UNKNOWN,en,template
hello can you help with wifi password pls,UNKNOWN,en,template
hello can you help with wifi password ??,UNKNOWN,en,template
hello can you help with wifi password asap,UNKNOWN,en,template
hi can you help with wifi password,UNKNOWN,en,template
hi can you help with wifi password please,UNKNOWN,en,template
hi can you help with wifi password pls,UNKNOWN,en,template
hi can you help with wifi password ??,UNKNOWN,en,template
hi can you help with wifi password asap,UNKNOWN,en,template
i need weather info,UNKNOWN,en,template
i need weather info please,UNKNOWN,en,template
i need weather info pls,UNKNOWN,en,template
i need weather info ??,UNKNOWN,en,template
i need weather info asap,UNKNOWN,en,template
pls i need weather info,UNKNOWN,en,template
pls i need weather info please,UNKNOWN,en,template
pls i need weather info pls,UNKNOWN,en,template
pls i need weather info ??,UNKNOWN,en,template
pls i need weather info asap,UNKNOWN,en,template
plz i need weather info,UNKNOWN,en,template
plz i need weather info please,UNKNOWN,en,template
plz i need weather info pls,UNKNOWN,en,template
plz i need weather info ??,UNKNOWN,en,template
plz i need weather info asap,UNKNOWN,en,template
hello i need weather info,UNKNOWN,en,template
hello i need weather info please,UNKNOWN,en,template
hello i need weather info pls,UNKNOWN,en,template
hello i need weather info ??,UNKNOWN,en,template
hello i need weather info asap,UNKNOWN,en,template
hi i need weather info,UNKNOWN,en,template
hi i need weather info please,UNKNOWN,en,template
hi i need weather info pls,UNKNOWN,en,template
hi i need weather info ??,UNKNOWN,en,template
hi i need weather info asap,UNKNOWN,en,template
i need restaurant info,UNKNOWN,en,template
i need restaurant info please,UNKNOWN,en,template
i need restaurant info pls,UNKNOWN,en,template
i need restaurant info ??,UNKNOWN,en,template
i need restaurant info asap,UNKNOWN,en,template
pls i need restaurant info,UNKNOWN,en,template
pls i need restaurant info please,UNKNOWN,en,template
pls i need restaurant info pls,UNKNOWN,en,template
pls i need restaurant info ??,UNKNOWN,en,template
pls i need restaurant info asap,UNKNOWN,en,template
plz i need restaurant info,UNKNOWN,en,template
plz i need restaurant info please,UNKNOWN,en,template
plz i need restaurant info pls,UNKNOWN,en,template
plz i need restaurant info ??,UNKNOWN,en,template
plz i need restaurant info asap,UNKNOWN,en,template
hello i need restaurant info,UNKNOWN,en,template
hello i need restaurant info please,UNKNOWN,en,template
hello i need restaurant info pls,UNKNOWN,en,template
hello i need restaurant info ??,UNKNOWN,en,template
hello i need restaurant info asap,UNKNOWN,en,template
hi i need restaurant info,UNKNOWN,en,template
hi i need restaurant info please,UNKNOWN,en,template
hi i need restaurant info pls,UNKNOWN,en,template
hi i need restaurant info ??,UNKNOWN,en,template
hi i need restaurant info asap,UNKNOWN,en,template
i need taxi info,UNKNOWN,en,template
i need taxi info please,UNKNOWN,en,template
i need taxi info pls,UNKNOWN,en,template
i need taxi info ??,UNKNOWN,en,template
i need taxi info asap,UNKNOWN,en,template
pls i need taxi info,UNKNOWN,en,template
pls i need taxi info please,UNKNOWN,en,template
pls i need taxi info pls,UNKNOWN,en,template
pls i need taxi info ??,UNKNOWN,en,template
pls i need taxi info asap,UNKNOWN,en,template
plz i need taxi info,UNKNOWN,en,template
plz i need taxi info please,UNKNOWN,en,template
plz i need taxi info pls,UNKNOWN,en,template
plz i need taxi info ??,UNKNOWN,en,template
plz i need taxi info asap,UNKNOWN,en,template
hello i need taxi info,UNKNOWN,en,template
hello i need taxi info please,UNKNOWN,en,template
hello i need taxi info pls,UNKNOWN,en,template
hello i need taxi info ??,UNKNOWN,en,template
hello i need taxi info asap,UNKNOWN,en,template
hi i need taxi info,UNKNOWN,en,template
hi i need taxi info please,UNKNOWN,en,template
hi i need taxi info pls,UNKNOWN,en,template
hi i need taxi info ??,UNKNOWN,en,template
hi i need taxi info asap,UNKNOWN,en,template
i need music info,UNKNOWN,en,template
i need music info please,UNKNOWN,en,template
i need music info pls,UNKNOWN,en,template
i need music info ??,UNKNOWN,en,template
i need music info asap,UNKNOWN,en,template
